CustomerID,Recency,Frequency,Monetary,TotalItems,AvgRevenuePerTransaction,UniqueProducts,LifespanDays,TotalTransactions,Cluster,Segment
12347,1,7,4060.4,2218,22.43314917127072,102,365,181,2,Loyal Customers
12348,74,4,1437.24,2332,53.23111111111111,21,282,27,0,Low Engagement
12349,18,1,1457.55,630,20.24375,72,0,72,0,Low Engagement
12350,309,1,294.4,196,18.4,16,0,16,1,Regular Customers
12352,35,7,1385.74,526,17.996623376623376,57,260,77,0,Low Engagement
12353,203,1,89.0,20,22.25,4,0,4,1,Regular Customers
12354,231,1,1079.4,530,18.610344827586207,58,0,58,1,Regular Customers
12355,213,1,459.4,240,35.33846153846154,13,0,13,1,Regular Customers
12356,22,3,2487.43,1573,42.88672413793103,52,302,58,0,Low Engagement
12357,32,1,5970.07,2660,45.92361538461538,130,0,130,0,Low Engagement
12358,1,2,928.0600000000001,242,54.591764705882355,12,149,17,0,Low Engagement
12359,57,4,5730.03,1605,23.58037037037037,213,274,243,2,Loyal Customers
12360,51,3,2302.06,1156,18.27031746031746,104,148,126,0,Low Engagement
12361,286,1,174.9,90,19.433333333333334,9,0,9,1,Regular Customers
12362,2,10,4737.23,2197,18.5048046875,200,292,256,2,Loyal Customers
12363,109,2,552.0,408,24.0,23,132,23,0,Low Engagement
12364,7,4,1208.1,1499,14.914814814814815,69,104,81,0,Low Engagement
12365,290,1,320.69,173,15.27095238095238,21,0,21,1,Regular Customers
12367,3,1,150.9,172,15.09,10,0,10,1,Regular Customers
12370,50,4,3421.94,2349,20.739030303030304,142,309,165,2,Loyal Customers
12371,59,1,1527.96,582,24.644516129032258,62,0,62,0,Low Engagement
12372,71,3,1196.04,788,24.408979591836733,33,224,49,0,Low Engagement
12373,310,1,324.6,196,24.96923076923077,13,0,13,1,Regular Customers
12374,24,1,622.93,339,19.4665625,32,0,32,0,Low Engagement
12375,10,2,377.5,176,25.166666666666668,13,87,15,1,Regular Customers
12377,314,2,1548.12,942,20.369999999999997,71,39,76,0,Low Engagement
12378,129,1,4008.62,2529,18.30420091324201,219,0,219,0,Low Engagement
12379,81,2,777.24,402,20.453684210526315,38,88,38,0,Low Engagement
12380,21,4,2427.81,1110,24.2781,76,164,100,0,Low Engagement
12381,4,3,1474.81,797,17.985487804878048,69,115,82,0,Low Engagement
12383,184,5,1628.56,1518,17.325106382978724,83,167,94,0,Low Engagement
12384,28,2,425.27000000000004,122,17.010800000000003,25,92,25,1,Regular Customers
12386,337,2,401.9,354,40.19,10,29,10,1,Regular Customers
12388,15,6,2780.66,1462,27.8066,57,311,100,2,Loyal Customers
12390,79,1,504.84000000000003,350,16.28516129032258,31,0,31,1,Regular Customers
12391,21,1,439.66,293,4.72752688172043,92,0,93,0,Low Engagement
12393,71,4,1582.6000000000001,816,24.728125000000002,47,260,64,0,Low Engagement
12394,63,2,814.24,552,33.92666666666667,24,153,24,0,Low Engagement
12395,18,12,2682.63,2097,18.629375,90,351,144,2,Loyal Customers
12397,35,2,2214.9,1250,17.86209677419355,109,99,124,0,Low Engagement
12398,45,1,1435.66,1389,17.091190476190476,84,0,84,0,Low Engagement
12399,118,4,1033.65,1173,18.793636363636367,46,142,55,0,Low Engagement
12401,302,1,69.3,10,17.325,4,0,4,1,Regular Customers
12402,322,1,195.6,92,19.56,10,0,10,1,Regular Customers
12403,49,1,391.7,94,97.925,4,0,4,3,VIP Customers
12405,148,1,1390.39,849,26.233773584905663,53,0,53,0,Low Engagement
12406,21,2,3415.3,1818,32.52666666666667,92,161,105,0,Low Engagement
12407,49,5,1507.1200000000001,1403,20.932222222222222,56,214,72,0,Low Engagement
12408,32,5,2618.55,1391,25.92623762376238,80,227,101,0,Low Engagement
12409,78,3,9081.77,5145,89.91851485148516,86,103,101,2,Loyal Customers
12410,308,2,533.33,207,21.3332,25,0,25,1,Regular Customers
12412,74,3,1142.88,824,19.7048275862069,42,94,58,0,Low Engagement
12413,66,3,686.1,282,19.058333333333334,28,270,36,0,Low Engagement
12414,216,3,442.41,297,29.494000000000003,15,93,15,1,Regular Customers
12415,24,15,44498.59,40607,89.71489919354838,358,312,496,2,Loyal Customers
12417,2,9,3226.1,1527,17.62896174863388,157,354,183,2,Loyal Customers
12418,112,1,668.58,407,19.664117647058823,34,0,34,1,Regular Customers
12420,63,1,600.39,345,20.70310344827586,29,0,29,1,Regular Customers
12421,15,4,639.04,478,15.586341463414634,31,303,41,0,Low Engagement
12422,95,3,683.5600000000001,367,17.98842105263158,38,229,38,0,Low Engagement
12423,0,8,1634.31,1324,13.968461538461538,96,352,117,2,Loyal Customers
12424,162,2,1454.96,668,50.17103448275862,29,0,29,0,Low Engagement
12425,77,1,777.2,496,21.58888888888889,36,0,36,0,Low Engagement
12426,194,1,510.73,254,17.611379310344827,29,0,29,1,Regular Customers
12427,21,3,699.8,526,24.99285714285714,25,349,28,0,Low Engagement
12428,25,8,6405.26,3509,22.317979094076655,256,257,287,2,Loyal Customers
12429,8,4,3388.4,1538,36.0468085106383,81,356,94,2,Loyal Customers
12430,42,1,216.4,116,21.64,10,0,10,1,Regular Customers
12431,59,14,5087.11,2121,22.214454148471614,162,313,229,2,Loyal Customers
12432,42,4,3884.12,1704,36.99161904761905,104,129,105,0,Low Engagement
12433,0,7,12968.83,10687,31.025909090909092,219,372,418,2,Loyal Customers
12434,84,2,806.14,394,16.122799999999998,46,175,50,0,Low Engagement
12435,79,2,2229.34,1050,117.33368421052633,18,188,19,3,VIP Customers
12436,99,1,429.01000000000005,209,28.60066666666667,15,0,15,1,Regular Customers
12437,1,18,4447.41,2894,24.17070652173913,117,329,184,2,Loyal Customers
12438,13,2,2466.85,1169,25.696354166666666,83,125,96,0,Low Engagement
12441,366,1,155.55,120,15.555000000000001,10,0,10,1,Regular Customers
12442,2,1,144.06,181,13.096363636363636,11,0,11,1,Regular Customers
12444,20,5,4085.46,1130,23.752674418604652,137,149,172,2,Loyal Customers
12445,21,1,77.4,60,25.8,3,0,3,1,Regular Customers
12446,57,1,1002.3100000000001,351,17.584385964912283,57,0,57,0,Low Engagement
12447,242,1,431.49,187,17.2596,25,0,25,1,Regular Customers
12448,43,1,365.45,240,17.402380952380952,21,0,21,1,Regular Customers
12449,21,4,3596.29,1523,19.231497326203208,117,164,187,2,Loyal Customers
12450,155,2,197.88,128,24.735,7,17,8,1,Regular Customers
12451,10,5,8750.72,6478,24.86,264,313,352,2,Loyal Customers
12452,16,1,348.57,181,17.4285,20,0,20,1,Regular Customers
12453,133,1,707.09,473,16.443953488372095,43,0,43,1,Regular Customers
12454,55,1,1009.0,284,144.14285714285714,7,0,7,3,VIP Customers
12455,72,5,2339.86,2084,27.527764705882355,84,223,85,0,Low Engagement
12456,43,3,2581.04,1618,21.15606557377049,104,210,122,0,Low Engagement
12457,65,6,2043.23,835,34.631016949152546,52,172,59,0,Low Engagement
12458,70,2,787.4,502,21.87222222222222,34,213,36,0,Low Engagement
12461,154,1,626.88,282,18.43764705882353,34,0,34,1,Regular Customers
12462,18,2,937.59,527,15.6265,50,284,60,0,Low Engagement
12463,52,4,1200.78,768,15.199746835443039,64,188,79,0,Low Engagement
12464,9,8,957.05,95,43.502272727272725,5,299,22,0,Low Engagement
12465,16,2,682.1899999999999,475,15.159777777777776,45,152,45,0,Low Engagement
12468,187,2,657.54,362,18.265,35,128,36,0,Low Engagement
12471,1,27,12743.05,7628,29.773481308411213,148,362,428,2,Loyal Customers
12472,31,7,6068.11,4120,18.277439759036145,218,336,332,2,Loyal Customers
12473,53,3,2585.73,2394,16.1608125,138,138,160,0,Low Engagement
12474,16,18,6694.09,4798,16.487906403940887,252,312,406,2,Loyal Customers
12475,53,1,669.38,532,19.12514285714286,35,0,35,0,Low Engagement
12476,15,11,5898.42,2357,26.332232142857144,176,345,224,2,Loyal Customers
12477,22,6,11184.94,3253,38.1738566552901,189,278,293,2,Loyal Customers
12478,3,1,545.99,233,15.599714285714287,35,0,35,1,Regular Customers
12479,10,1,473.2,382,15.773333333333333,30,0,30,1,Regular Customers
12480,27,4,2568.83,1493,17.240469798657717,128,307,149,2,Loyal Customers
12481,22,10,5003.82,3262,24.056826923076922,149,342,208,2,Loyal Customers
12483,16,8,1910.98,1094,28.10264705882353,45,322,68,0,Low Engagement
12484,34,4,3939.32,2166,11.620412979351032,255,301,339,2,Loyal Customers
12488,9,3,1244.66,526,23.049259259259262,45,65,54,0,Low Engagement
12489,335,1,298.93,103,21.35214285714286,14,0,14,1,Regular Customers
12490,4,10,4859.93,3033,20.680553191489363,130,324,235,2,Loyal Customers
12491,38,1,424.40000000000003,258,16.976000000000003,24,0,25,1,Regular Customers
12492,62,2,227.21,190,12.622777777777777,18,42,18,1,Regular Customers
12493,165,2,415.74,206,19.79714285714286,19,31,21,1,Regular Customers
12494,15,7,1084.1000000000001,698,15.269014084507043,62,349,71,0,Low Engagement
12497,81,1,953.1,1231,73.31538461538462,13,0,13,3,VIP Customers
12498,20,3,349.70000000000005,156,16.652380952380955,20,36,21,1,Regular Customers
12500,22,11,3130.54,2319,62.6108,33,310,50,2,Loyal Customers
12501,336,1,2025.39,1775,13.685067567567568,148,0,148,0,Low Engagement
12502,95,5,2995.87,794,21.097676056338027,101,214,142,0,Low Engagement
12504,17,2,428.04999999999995,87,53.506249999999994,5,12,8,1,Regular Customers
12506,232,1,73.5,23,3.1956521739130435,23,0,23,1,Regular Customers
12507,133,3,844.01,741,46.88944444444444,17,164,18,0,Low Engagement
12508,25,2,397.88,271,5.851176470588236,57,2,68,0,Low Engagement
12509,283,1,158.5,54,26.416666666666668,6,0,6,1,Regular Customers
12510,142,2,814.5699999999999,347,26.276451612903223,28,182,31,0,Low Engagement
12512,65,2,132.18,96,4.263870967741935,31,0,31,1,Regular Customers
12513,112,1,558.29,459,16.420294117647057,34,0,34,1,Regular Customers
12514,266,1,1017.68,440,19.954509803921567,51,0,51,1,Regular Customers
12515,352,1,278.7,128,18.58,15,0,15,1,Regular Customers
12516,77,2,1186.06,868,49.41916666666666,19,102,24,0,Low Engagement
12517,27,4,2301.6,1351,8.339130434782609,231,161,276,2,Loyal Customers
12518,0,5,1840.89,1306,15.46966386554622,83,109,119,0,Low Engagement
12519,63,1,276.84,172,17.3025,16,0,16,1,Regular Customers
12520,78,5,2346.2599999999998,1423,15.96095238095238,120,194,147,2,Loyal Customers
12521,142,1,545.68,306,14.748108108108108,37,0,37,1,Regular Customers
12522,38,2,156.72,192,15.672,10,12,10,1,Regular Customers
12523,18,11,1699.77,860,16.664411764705882,83,312,102,2,Loyal Customers
12524,8,8,3945.72,3669,29.01264705882353,112,324,136,2,Loyal Customers
12526,0,3,1172.66,624,17.245,63,93,68,0,Low Engagement
12527,81,3,330.71000000000004,233,19.45352941176471,17,243,17,0,Low Engagement
12528,8,6,1645.48,740,19.133488372093023,49,303,86,0,Low Engagement
12530,59,4,1500.28,904,24.198064516129033,50,277,62,0,Low Engagement
12531,14,1,125.22,45,7.365882352941177,17,0,17,1,Regular Customers
12532,29,1,313.83000000000004,151,20.922000000000004,15,0,15,1,Regular Customers
12534,130,1,981.18,645,15.82548387096774,62,0,62,0,Low Engagement
12535,91,2,716.35,219,21.069117647058825,28,94,34,0,Low Engagement
12536,58,1,4279.71,2801,16.523976833976835,259,0,259,2,Loyal Customers
12538,28,1,363.95,191,17.33095238095238,21,0,21,1,Regular Customers
12539,21,4,5568.35,2067,20.396886446886448,157,311,273,2,Loyal Customers
12540,19,17,11580.24,6620,25.11982646420824,276,342,461,2,Loyal Customers
12541,29,3,841.18,675,17.166938775510204,45,251,49,0,Low Engagement
12544,35,1,316.7,134,17.594444444444445,18,0,18,1,Regular Customers
12545,74,2,832.39,517,17.341458333333332,41,184,48,0,Low Engagement
12546,46,2,1021.5,628,15.246268656716419,58,31,67,0,Low Engagement
12547,197,2,151.79999999999998,132,25.299999999999997,6,82,6,1,Regular Customers
12548,165,1,67.19999999999999,48,16.799999999999997,4,0,4,1,Regular Customers
12550,78,1,824.83,564,14.729107142857144,56,0,56,0,Low Engagement
12551,357,1,168.0,100,16.8,10,0,10,1,Regular Customers
12552,39,1,317.82,85,16.72736842105263,19,0,19,1,Regular Customers
12553,7,10,3278.28,1942,18.012527472527474,94,321,182,2,Loyal Customers
12556,49,2,599.56,355,5.038319327731092,100,100,119,0,Low Engagement
12557,157,3,1691.34,1142,93.96333333333332,11,213,18,3,VIP Customers
12558,7,1,269.96,196,24.54181818181818,11,0,11,1,Regular Customers
12559,310,2,525.71,281,26.285500000000003,20,8,20,1,Regular Customers
12560,4,2,1918.01,1098,18.621456310679612,90,137,103,0,Low Engagement
12561,302,1,238.85,177,14.928125,16,0,16,1,Regular Customers
12562,7,7,3385.7400000000002,1757,21.02944099378882,98,190,161,2,Loyal Customers
12564,260,1,402.9,130,20.145,20,0,20,1,Regular Customers
12565,288,1,145.92,80,16.21333333333333,9,0,9,1,Regular Customers
12566,85,1,297.65,262,16.53611111111111,18,0,18,1,Regular Customers
12567,22,10,8609.28,4261,19.655890410958907,322,346,438,2,Loyal Customers
12569,1,32,3152.69,1747,20.080828025477707,91,250,157,2,Loyal Customers
12571,39,2,519.61,523,15.28264705882353,31,81,34,0,Low Engagement
12572,8,2,912.42,446,15.731379310344828,52,43,58,0,Low Engagement
12573,226,1,160.54000000000002,84,5.733571428571429,26,0,28,1,Regular Customers
12574,315,1,182.45000000000002,59,18.245,10,0,10,1,Regular Customers
12576,35,5,1315.83,967,14.952613636363635,72,268,88,0,Low Engagement
12577,34,3,622.65,468,4.2941379310344825,136,323,145,0,Low Engagement
12578,20,2,2402.51,1182,21.450982142857146,110,308,112,0,Low Engagement
12579,77,1,386.42,282,13.800714285714287,28,0,28,1,Regular Customers
12580,246,1,379.7,236,16.508695652173913,23,0,23,1,Regular Customers
12581,39,1,179.71,160,12.836428571428572,14,0,14,1,Regular Customers
12582,238,2,351.36,296,17.568,20,49,20,1,Regular Customers
12583,2,15,6705.38,5028,28.9025,114,370,232,2,Loyal Customers
12584,3,9,2254.15,413,23.727894736842106,43,276,95,0,Low Engagement
12585,233,2,1824.1,1267,21.459999999999997,76,117,85,0,Low Engagement
12586,16,1,196.94000000000003,79,17.903636363636366,11,0,11,1,Regular Customers
12587,7,1,104.0,50,34.666666666666664,3,0,3,1,Regular Customers
12588,38,1,174.89999999999998,52,19.43333333333333,9,0,9,1,Regular Customers
12589,28,2,574.68,302,17.414545454545454,28,115,33,0,Low Engagement
12590,210,1,5569.0599999999995,2838,105.07660377358489,53,0,53,3,VIP Customers
12591,316,1,368.85,225,14.754000000000001,25,0,25,1,Regular Customers
12592,91,2,401.6,288,25.1,10,121,16,1,Regular Customers
12593,108,3,382.09999999999997,204,19.104999999999997,13,110,20,1,Regular Customers
12594,37,9,3208.2200000000003,1772,28.142280701754387,49,285,114,2,Loyal Customers
12596,50,2,450.27,468,18.0108,24,190,25,0,Low Engagement
12597,18,4,3195.22,2214,15.817920792079207,183,248,202,2,Loyal Customers
12598,9,7,2807.08,1952,22.10299212598425,83,275,127,2,Loyal Customers
12599,28,7,888.58,948,16.156000000000002,31,275,55,0,Low Engagement
12600,28,10,2073.44,710,39.12150943396227,31,342,53,0,Low Engagement
12601,189,5,487.06,240,21.176521739130436,20,142,23,0,Low Engagement
12602,58,1,153.12,162,12.76,12,0,12,1,Regular Customers
12604,78,2,236.18,200,15.745333333333333,14,182,15,1,Regular Customers
12607,59,1,1579.51,1228,15.63871287128713,101,0,101,0,Low Engagement
12609,77,3,964.85,639,16.92719298245614,56,240,57,0,Low Engagement
12610,22,4,1747.54,1039,17.132745098039216,84,103,102,0,Low Engagement
12611,51,1,1193.32,846,18.35876923076923,65,0,65,0,Low Engagement
12612,73,1,668.0400000000001,260,37.11333333333334,18,0,18,1,Regular Customers
12613,56,4,3092.38,1630,20.754228187919463,123,204,149,2,Loyal Customers
12614,277,1,315.6,76,15.780000000000001,20,0,20,1,Regular Customers
12615,1,4,2093.19,1365,20.724653465346535,81,166,101,0,Low Engagement
12616,94,2,641.3,280,21.376666666666665,24,202,30,0,Low Engagement
12617,28,1,352.98,210,8.609268292682927,39,0,41,1,Regular Customers
12618,21,1,137.31,95,13.731,10,0,10,1,Regular Customers
12619,15,8,2945.56,3360,35.92146341463415,48,237,82,2,Loyal Customers
12620,14,3,1303.41,1179,14.323186813186814,88,189,91,0,Low Engagement
12621,1,19,10449.07,6365,23.694036281179137,258,364,441,2,Loyal Customers
12622,231,1,162.1,68,16.21,10,0,10,1,Regular Customers
12623,275,1,269.1,189,15.829411764705883,17,0,17,1,Regular Customers
12624,105,2,569.13,351,15.809166666666666,35,71,36,0,Low Engagement
12625,211,2,2413.82,1597,28.735952380952384,72,107,84,0,Low Engagement
12626,22,9,5954.48,3416,20.892912280701754,231,303,285,2,Loyal Customers
12627,10,6,4082.53,2730,18.225580357142857,161,129,224,2,Loyal Customers
12628,3,3,732.46,445,19.275263157894738,33,60,38,0,Low Engagement
12630,9,2,1030.88,542,16.62709677419355,59,34,62,0,Low Engagement
12631,56,1,480.5,232,16.016666666666666,30,0,30,1,Regular Customers
12633,58,4,1503.78,913,15.829263157894736,70,229,95,0,Low Engagement
12635,89,2,1509.18,1162,15.244242424242424,95,65,99,0,Low Engagement
12637,66,8,5804.9,2983,15.316358839050132,204,256,379,2,Loyal Customers
12638,32,1,511.69,573,13.465526315789473,38,0,38,0,Low Engagement
12639,238,1,366.1,198,17.433333333333334,21,0,21,1,Regular Customers
12640,23,3,994.58,301,19.8916,46,57,50,0,Low Engagement
12641,114,1,145.9,71,16.211111111111112,9,0,9,1,Regular Customers
12642,24,3,905.26,546,20.57409090909091,38,82,44,0,Low Engagement
12643,127,3,701.04,704,63.73090909090909,7,92,11,3,VIP Customers
12644,129,1,477.91,325,15.416451612903227,31,0,31,1,Regular Customers
12645,33,4,1631.18,1076,23.640289855072464,57,282,69,0,Low Engagement
12646,4,2,1346.97,897,29.932666666666666,43,44,45,0,Low Engagement
12647,21,12,3146.82,1399,28.869908256880734,77,346,109,2,Loyal Customers
12648,154,1,300.05,159,15.002500000000001,20,0,20,1,Regular Customers
12649,106,3,569.51,583,19.638275862068966,27,105,29,0,Low Engagement
12650,2,1,242.44000000000003,250,12.760000000000002,19,0,19,1,Regular Customers
12651,334,1,114.0,78,12.666666666666666,9,0,9,1,Regular Customers
12652,330,1,793.98,498,16.8931914893617,47,0,47,1,Regular Customers
12653,148,2,1859.45,887,44.272619047619045,37,147,42,0,Low Engagement
12654,10,5,529.98,260,15.58764705882353,30,284,34,0,Low Engagement
12656,16,5,3364.17,1599,28.03475,88,216,120,2,Loyal Customers
12657,10,4,1427.18,1032,32.43590909090909,34,67,44,0,Low Engagement
12658,18,1,632.05,317,18.058571428571426,35,0,35,0,Low Engagement
12659,29,1,73.68,104,18.42,4,0,4,1,Regular Customers
12660,10,1,227.1,126,18.925,12,0,12,1,Regular Customers
12662,0,11,3543.78,2041,16.10809090909091,128,372,220,2,Loyal Customers
12664,35,6,1717.8000000000002,468,95.43333333333334,9,286,18,3,VIP Customers
12665,324,1,45.0,36,22.5,2,0,2,1,Regular Customers
12667,57,1,460.13,391,14.3790625,32,0,32,1,Regular Customers
12668,11,4,3177.15,1599,20.236624203821655,114,343,157,2,Loyal Customers
12669,150,2,1427.73,1104,14.568673469387756,96,105,98,0,Low Engagement
12670,9,5,2744.05,1383,31.54080459770115,57,222,87,0,Low Engagement
12672,329,1,225.89999999999998,78,22.589999999999996,10,0,10,1,Regular Customers
12673,4,2,574.52,349,14.012682926829267,41,321,41,0,Low Engagement
12674,38,4,1844.6,1126,23.349367088607593,51,169,79,0,Low Engagement
12676,24,6,1091.39,664,27.984358974358976,32,286,39,0,Low Engagement
12678,41,10,9545.18,7601,68.17985714285714,93,311,140,2,Loyal Customers
12679,58,4,951.02,545,21.61409090909091,42,225,44,0,Low Engagement
12680,0,4,790.81,439,16.138979591836733,32,112,49,0,Low Engagement
12681,14,22,12150.74,7337,19.75730081300813,266,353,615,2,Loyal Customers
12682,3,30,10418.38,5149,21.13261663286004,208,367,493,2,Loyal Customers
12683,3,14,7612.57,4934,22.99870090634441,176,361,331,2,Loyal Customers
12684,7,6,2073.63,1973,21.15948979591837,59,205,98,0,Low Engagement
12685,27,6,2575.08,1507,17.053509933774833,116,65,151,0,Low Engagement
12686,371,1,71.14,106,11.856666666666667,6,0,6,1,Regular Customers
12688,113,1,4873.8099999999995,3028,28.501812865497072,171,0,171,0,Low Engagement
12689,25,2,1139.61,622,16.280142857142856,56,101,70,0,Low Engagement
12690,205,1,335.01,103,22.334,15,0,15,1,Regular Customers
12691,27,5,927.8,388,34.36296296296296,20,329,27,0,Low Engagement
12693,126,4,711.91,247,20.340285714285713,34,192,35,0,Low Engagement
12694,69,2,761.67,503,21.762,31,112,35,0,Low Engagement
12695,6,4,582.1,220,21.55925925925926,23,203,27,0,Low Engagement
12697,28,3,757.59,503,19.93657894736842,36,140,38,0,Low Engagement
12700,7,4,4525.99,2944,17.143901515151516,192,207,264,2,Loyal Customers
12701,79,2,725.71,674,14.229607843137256,49,162,51,0,Low Engagement
12702,19,1,201.0,52,18.272727272727273,11,0,11,1,Regular Customers
12703,70,1,265.55,163,13.2775,20,0,20,1,Regular Customers
12704,6,8,1740.84,991,21.49185185185185,63,162,81,0,Low Engagement
12705,14,8,6382.29,3970,19.458201219512194,227,341,328,2,Loyal Customers
12707,291,1,603.42,256,18.285454545454545,33,0,33,1,Regular Customers
12708,29,10,2442.91,1292,16.61843537414966,85,338,147,2,Loyal Customers
12709,14,15,8134.52,3775,41.08343434343435,91,351,198,2,Loyal Customers
12710,96,3,1023.02,844,13.824594594594595,74,104,74,0,Low Engagement
12712,28,13,3928.13,1036,32.73441666666667,57,342,120,2,Loyal Customers
12713,0,1,794.55,505,21.47432432432432,37,0,37,0,Low Engagement
12714,8,5,4294.86,3046,16.908897637795274,215,285,254,2,Loyal Customers
12715,105,1,263.36,190,13.861052631578948,19,0,19,1,Regular Customers
12716,3,2,963.49,703,14.38044776119403,59,129,67,0,Low Engagement
12717,150,2,830.98,502,15.678867924528301,48,94,53,0,Low Engagement
12718,70,1,202.25,201,11.23611111111111,18,0,18,1,Regular Customers
12719,4,2,572.95,370,15.485135135135137,33,59,37,0,Low Engagement
12720,2,25,5115.7300000000005,4635,14.958274853801171,210,366,342,2,Loyal Customers
12721,31,6,2386.13,1944,15.394387096774194,132,323,155,2,Loyal Customers
12722,84,4,979.63,565,18.83903846153846,49,65,52,0,Low Engagement
12723,3,5,707.07,433,10.398088235294118,52,61,68,0,Low Engagement
12724,4,4,923.41,439,18.845102040816325,46,327,49,0,Low Engagement
12725,370,1,371.8,162,16.16521739130435,23,0,23,1,Regular Customers
12726,27,7,2411.1,3132,20.607692307692307,56,329,117,2,Loyal Customers
12727,10,7,3440.7,2068,26.065909090909088,108,309,132,2,Loyal Customers
12728,70,4,728.33,413,17.341190476190476,37,261,42,0,Low Engagement
12729,113,1,417.01,231,16.6804,25,0,25,1,Regular Customers
12731,23,12,14036.31,6805,54.61599221789883,105,341,257,2,Loyal Customers
12732,179,1,218.26000000000002,110,19.841818181818184,11,0,11,1,Regular Customers
12733,233,1,383.95,137,17.452272727272728,22,0,22,1,Regular Customers
12734,352,1,110.39999999999999,88,27.599999999999998,4,0,4,1,Regular Customers
12735,314,2,689.5699999999999,363,16.818780487804876,37,21,41,1,Regular Customers
12736,332,1,144.0,168,48.0,3,0,3,1,Regular Customers
12738,371,1,137.35,147,13.735,10,0,10,1,Regular Customers
12739,98,1,975.54,485,26.365945945945946,37,0,37,0,Low Engagement
12740,63,1,427.6,342,15.837037037037037,27,0,27,1,Regular Customers
12743,133,2,540.13,315,4.123129770992366,114,0,131,0,Low Engagement
12744,55,4,8870.39,5232,41.45042056074766,176,262,214,2,Loyal Customers
12747,1,11,3710.0099999999998,1203,36.73277227722772,42,366,101,2,Loyal Customers
12748,0,206,30236.5,24411,6.8828818575005695,1764,372,4393,2,Loyal Customers
12749,3,5,4090.88,1471,20.55718592964824,160,209,199,2,Loyal Customers
12750,128,1,275.88,137,18.392,15,0,15,1,Regular Customers
12752,80,1,2878.78,1926,61.25063829787234,47,0,47,0,Low Engagement
12753,22,6,16052.95,9927,90.69463276836159,126,339,177,2,Loyal Customers
12754,235,3,975.54,2641,17.73709090909091,49,72,55,0,Low Engagement
12755,280,1,17.549999999999997,3,5.849999999999999,3,0,3,1,Regular Customers
12756,86,1,112.07999999999998,144,28.019999999999996,4,0,4,1,Regular Customers
12757,15,9,4176.75,2387,11.666899441340782,235,195,358,2,Loyal Customers
12758,116,2,2791.59,2135,28.779278350515465,84,159,97,0,Low Engagement
12759,51,3,1411.44,894,15.341739130434783,80,223,92,0,Low Engagement
12762,7,2,1702.52,1220,25.410746268656716,61,17,67,0,Low Engagement
12763,137,2,494.08,316,27.448888888888888,16,230,18,0,Low Engagement
12764,316,1,1693.88,386,37.64177777777778,45,0,45,1,Regular Customers
12766,3,7,6457.63,3627,21.103366013071895,204,362,306,2,Loyal Customers
12769,238,1,1143.6,356,35.7375,32,0,32,1,Regular Customers
12770,210,1,1033.45,703,93.95,11,0,11,3,VIP Customers
12772,59,1,752.47,551,13.93462962962963,54,0,54,0,Low Engagement
12775,16,5,1281.04,870,21.000655737704918,46,294,61,0,Low Engagement
12778,19,6,693.23,817,15.755227272727273,39,292,44,0,Low Engagement
12779,37,8,3981.36,2024,26.72053691275168,88,333,149,2,Loyal Customers
12781,63,2,786.74,670,32.780833333333334,24,221,24,0,Low Engagement
12782,4,5,1938.92,1072,19.784897959183674,80,352,98,2,Loyal Customers
12783,1,4,1295.87,611,16.613717948717948,74,73,78,0,Low Engagement
12784,14,1,476.82,278,8.514642857142857,53,0,56,0,Low Engagement
12785,363,1,255.95,129,19.68846153846154,13,0,13,1,Regular Customers
12787,9,3,418.66,258,24.627058823529413,16,182,17,0,Low Engagement
12789,64,1,76.85,3,25.616666666666664,3,0,3,1,Regular Customers
12790,191,1,294.92,164,14.746,20,0,20,1,Regular Customers
12791,373,1,177.60000000000002,96,177.60000000000002,1,0,1,3,VIP Customers
12792,256,1,344.53999999999996,215,14.355833333333331,24,0,24,1,Regular Customers
12793,334,2,461.48,292,20.976363636363637,20,36,22,1,Regular Customers
12794,52,2,860.41,592,19.12022222222222,43,45,45,0,Low Engagement
12795,18,1,318.48,64,24.49846153846154,13,0,13,1,Regular Customers
12797,365,1,226.03,117,18.835833333333333,12,0,12,1,Regular Customers
12798,170,1,224.64,528,112.32,2,0,2,3,VIP Customers
12802,186,1,397.58,312,16.565833333333334,24,0,24,1,Regular Customers
12808,36,3,455.65000000000003,187,16.875925925925927,26,331,27,0,Low Engagement
12809,177,1,405.31,217,16.887916666666666,24,0,24,1,Regular Customers
12811,261,2,458.85,227,16.3875,26,22,28,1,Regular Customers
12812,44,1,229.64000000000001,164,15.309333333333335,15,0,15,1,Regular Customers
12814,101,1,85.92,48,85.92,1,0,1,3,VIP Customers
12815,147,2,863.46,374,19.188000000000002,37,50,45,0,Low Engagement
12816,95,2,452.20000000000005,125,16.74814814814815,26,80,27,1,Regular Customers
12817,280,1,126.03999999999999,52,42.01333333333333,3,0,3,1,Regular Customers
12818,261,1,577.28,632,52.48,11,0,11,1,Regular Customers
12820,2,4,942.34,722,15.97186440677966,55,323,59,0,Low Engagement
12821,213,1,92.72,70,15.453333333333333,6,0,6,1,Regular Customers
12822,70,2,948.88,550,20.62782608695652,41,16,46,0,Low Engagement
12824,59,1,397.12,232,15.8848,25,0,25,1,Regular Customers
12826,2,7,1474.72,1058,16.205714285714286,58,362,91,2,Loyal Customers
12827,5,3,430.15000000000003,197,17.206000000000003,19,38,25,0,Low Engagement
12828,2,6,1018.71,494,18.19125,46,127,56,0,Low Engagement
12829,336,2,293.0,376,26.636363636363637,9,23,11,1,Regular Customers
12830,37,5,3138.48,4536,116.24,10,134,27,3,VIP Customers
12831,261,1,215.05,135,23.894444444444446,9,0,9,1,Regular Customers
12832,31,2,383.03,195,14.186296296296295,27,65,27,0,Low Engagement
12833,144,1,417.38,156,17.390833333333333,24,0,24,1,Regular Customers
12834,282,1,312.38,110,17.354444444444443,18,0,18,1,Regular Customers
12836,58,4,2610.36,1062,15.002068965517243,148,252,174,2,Loyal Customers
12837,172,1,134.1,24,11.174999999999999,12,0,12,1,Regular Customers
12838,33,2,671.95,355,5.599583333333333,115,340,120,0,Low Engagement
12839,2,14,5591.42,3807,17.80707006369427,95,364,314,2,Loyal Customers
12840,143,4,2726.77,1511,24.13070796460177,67,82,113,0,Low Engagement
12841,4,25,3991.58,2720,9.641497584541062,229,367,414,2,Loyal Customers
12842,69,2,1118.99,547,32.9114705882353,34,238,34,0,Low Engagement
12843,65,8,1702.26,781,16.526796116504855,69,198,103,0,Low Engagement
12844,28,2,325.96000000000004,125,6.268461538461539,47,101,52,0,Low Engagement
12845,266,3,145.29000000000002,60,5.588076923076924,25,22,26,1,Regular Customers
12847,21,1,843.64,873,10.043333333333333,72,0,84,0,Low Engagement
12849,30,2,992.65,579,21.579347826086956,46,237,46,0,Low Engagement
12851,96,1,131.81,106,2.8044680851063832,43,0,47,1,Regular Customers
12852,294,1,311.55,149,18.326470588235296,17,0,17,1,Regular Customers
12853,134,6,1957.1000000000001,800,25.09102564102564,66,181,78,0,Low Engagement
12854,78,3,1316.25,626,12.075688073394495,95,239,109,0,Low Engagement
12855,372,1,38.1,30,12.700000000000001,3,0,3,1,Regular Customers
12856,7,6,2170.78,1076,6.98,155,55,311,2,Loyal Customers
12857,210,2,1106.4,343,24.05217391304348,37,91,46,0,Low Engagement
12863,51,1,181.2,148,45.3,4,0,4,1,Regular Customers
12864,137,1,147.12,216,49.04,3,0,3,1,Regular Customers
12865,25,2,1568.23,925,16.507684210526318,86,97,95,0,Low Engagement
12866,282,1,499.12,167,19.9648,25,0,25,1,Regular Customers
12867,25,7,4009.34,4284,7.50812734082397,240,333,534,2,Loyal Customers
12868,185,6,1607.0600000000002,928,15.0192523364486,72,187,107,0,Low Engagement
12871,83,2,380.64,200,34.60363636363636,8,123,11,1,Regular Customers
12872,326,2,599.97,319,9.090454545454547,58,38,66,1,Regular Customers
12873,281,1,374.0,128,93.5,4,0,4,3,VIP Customers
12875,142,1,49.470000000000006,291,49.470000000000006,1,0,1,1,Regular Customers
12876,57,2,2053.02,1930,24.735180722891567,66,138,83,0,Low Engagement
12877,3,12,1535.77,1178,9.972532467532467,100,354,154,2,Loyal Customers
12878,235,2,854.99,547,18.191276595744682,38,29,47,1,Regular Customers
12879,44,3,573.22,370,57.322,7,47,10,3,VIP Customers
12881,275,1,298.0,21,42.57142857142857,7,0,7,1,Regular Customers
12882,8,2,1179.84,206,98.32,12,24,12,3,VIP Customers
12883,24,4,703.47,196,16.749285714285715,39,64,42,0,Low Engagement
12884,87,1,309.05,43,44.15,7,0,7,1,Regular Customers
12885,62,3,1175.22,655,16.552394366197184,66,60,71,0,Low Engagement
12886,67,2,1378.4,770,16.809756097560978,75,151,82,0,Low Engagement
12888,213,2,354.12,76,70.824,4,41,5,3,VIP Customers
12890,23,1,376.71999999999997,256,4.768607594936708,78,0,79,0,Low Engagement
12891,185,2,127.0,350,63.5,1,107,2,3,VIP Customers
12893,30,1,176.55,90,5.695161290322581,27,0,31,1,Regular Customers
12895,41,2,372.8,210,16.945454545454545,22,44,22,1,Regular Customers
12897,204,2,216.5,110,54.125,3,97,4,1,Regular Customers
12901,9,18,3605.16,3512,39.186521739130434,29,260,92,2,Loyal Customers
12902,264,1,138.68,66,13.868,10,0,10,1,Regular Customers
12904,17,2,496.06,294,6.986760563380281,59,154,71,0,Low Engagement
12906,11,5,2559.81,1653,41.28725806451613,54,66,62,0,Low Engagement
12909,39,5,1888.67,1278,20.985222222222223,78,213,90,0,Low Engagement
12910,22,8,3075.04,1692,41.00053333333333,48,218,75,2,Loyal Customers
12912,2,5,1662.3,670,69.2625,17,37,24,3,VIP Customers
12913,4,5,2075.63,1259,43.24229166666667,37,363,48,0,Low Engagement
12915,148,2,363.65,93,16.529545454545453,19,223,22,1,Regular Customers
12916,138,4,2944.95,1083,28.59174757281553,53,181,103,0,Low Engagement
12919,7,6,1335.19,673,26.7038,34,161,50,0,Low Engagement
12920,16,1,162.78,128,6.028888888888889,27,0,27,1,Regular Customers
12921,8,37,16587.09,9526,23.037625,233,364,720,2,Loyal Customers
12922,160,1,405.38,370,14.477857142857143,28,0,28,1,Regular Customers
12923,63,1,171.57,67,6.354444444444444,27,0,27,1,Regular Customers
12924,87,4,925.75,480,31.92241379310345,21,239,29,0,Low Engagement
12925,4,2,694.05,541,15.423333333333332,42,70,45,0,Low Engagement
12928,34,5,2062.7000000000003,1472,24.555952380952384,59,323,84,0,Low Engagement
12929,311,1,117.85,37,14.73125,8,0,8,1,Regular Customers
12930,77,2,415.8,252,16.632,20,93,25,1,Regular Customers
12931,29,8,1383.92,1168,86.495,12,327,16,3,VIP Customers
12933,23,3,607.53,499,5.7314150943396225,102,259,106,0,Low Engagement
12935,1,7,2160.7,1853,16.749612403100773,80,317,129,2,Loyal Customers
12936,16,4,1063.9,559,17.15967741935484,56,61,62,0,Low Engagement
12937,14,4,1504.27,1007,12.535583333333333,81,252,120,0,Low Engagement
12938,25,1,114.14,140,12.682222222222222,9,0,9,1,Regular Customers
12939,63,8,2963.76,2008,118.55040000000001,15,270,25,3,VIP Customers
12940,54,2,899.69,404,9.371770833333334,87,33,96,0,Low Engagement
12942,130,3,675.6,198,9.651428571428571,68,234,70,0,Low Engagement
12944,35,2,604.51,289,20.150333333333332,29,319,30,0,Low Engagement
12945,287,1,462.95,165,20.128260869565217,23,0,23,1,Regular Customers
12947,143,6,1603.99,1165,16.535979381443298,83,229,97,0,Low Engagement
12948,15,7,2064.95,1080,17.801293103448273,82,248,116,2,Loyal Customers
12949,30,8,4167.22,2381,19.382418604651164,166,221,215,2,Loyal Customers
12950,1,3,1843.0,1380,80.1304347826087,13,21,23,3,VIP Customers
12951,8,6,1064.07,503,16.89,53,322,63,0,Low Engagement
12952,5,4,1387.79,653,17.566962025316457,64,72,79,0,Low Engagement
12953,9,1,329.85,84,19.40294117647059,17,0,17,1,Regular Customers
12955,0,11,4757.16,3664,26.428666666666665,81,266,180,2,Loyal Customers
12956,305,1,108.07,34,5.687894736842105,19,0,19,1,Regular Customers
12957,9,8,4017.54,2549,16.880420168067225,208,329,238,2,Loyal Customers
12962,6,2,266.39,129,16.649375,15,106,16,1,Regular Customers
12963,7,8,1856.63,881,19.54347368421053,75,357,95,2,Loyal Customers
12965,88,1,769.8100000000001,282,7.1278703703703705,108,0,108,0,Low Engagement
12966,9,1,160.18,75,16.018,10,0,10,1,Regular Customers
12967,357,2,1456.9,390,80.9388888888889,18,13,18,3,VIP Customers
12968,111,1,135.95,73,27.189999999999998,5,0,5,1,Regular Customers
12970,6,4,405.47,268,3.1431782945736435,116,315,129,0,Low Engagement
12971,3,85,10554.76,9152,34.94953642384106,93,368,302,2,Loyal Customers
12974,197,1,144.8,24,18.1,8,0,8,1,Regular Customers
12976,211,1,738.6,561,33.57272727272727,22,0,22,1,Regular Customers
12977,155,1,39.239999999999995,12,4.359999999999999,9,0,9,1,Regular Customers
12980,176,6,1212.48,408,134.72,4,181,9,3,VIP Customers
12981,29,2,372.21999999999997,242,18.610999999999997,12,103,20,0,Low Engagement
12982,242,1,390.54,288,13.947857142857144,28,0,28,1,Regular Customers
12984,18,1,97.5,26,24.375,4,0,4,1,Regular Customers
12985,0,2,1239.38,1533,16.30763157894737,73,27,76,0,Low Engagement
12987,73,2,558.7,219,19.95357142857143,27,124,28,0,Low Engagement
12988,291,1,505.82,126,6.094216867469879,75,0,83,1,Regular Customers
12989,2,12,3128.51,1087,57.93537037037037,39,361,54,2,Loyal Customers
12990,30,3,409.5,200,31.5,8,278,13,0,Low Engagement
12991,22,2,503.76,405,16.25032258064516,31,89,31,0,Low Engagement
12993,22,4,414.76,240,15.361481481481482,26,275,27,0,Low Engagement
12994,3,3,974.4200000000001,459,15.97409836065574,52,264,61,0,Low Engagement
12995,84,1,211.32,108,70.44,3,0,3,3,VIP Customers
12997,21,4,1226.89,664,20.794745762711866,45,294,59,0,Low Engagement
12999,195,3,455.88,342,16.28142857142857,25,49,28,1,Regular Customers
13000,106,3,534.85,379,17.253225806451614,30,258,31,0,Low Engagement
13001,3,13,7192.25,4316,22.062116564417177,166,322,326,2,Loyal Customers
13002,317,1,120.94999999999999,73,17.27857142857143,7,0,7,1,Regular Customers
13003,105,3,149.05,103,24.84166666666667,4,109,6,1,Regular Customers
13004,11,18,5655.91,4822,13.999777227722772,277,346,404,2,Loyal Customers
13005,173,2,513.7,172,19.75769230769231,21,72,26,1,Regular Customers
13006,55,1,81.57,55,20.3925,4,0,4,1,Regular Customers
13008,322,1,229.46999999999997,175,16.390714285714285,14,0,14,1,Regular Customers
13011,371,1,50.550000000000004,13,16.85,3,0,3,1,Regular Customers
13012,8,8,1646.8400000000001,820,18.71409090909091,67,285,88,0,Low Engagement
13013,0,13,4810.9400000000005,2224,21.967762557077627,155,370,219,2,Loyal Customers
13014,10,10,3466.2799999999997,905,31.800733944954125,67,270,109,2,Loyal Customers
13015,52,5,3044.64,1608,17.497931034482757,155,195,174,2,Loyal Customers
13016,72,3,789.89,527,16.806170212765956,39,49,47,0,Low Engagement
13018,15,28,7277.7,5435,15.890174672489083,313,279,458,2,Loyal Customers
13021,3,9,2616.38,1352,19.97236641221374,101,354,131,2,Loyal Customers
13023,63,2,599.9,280,15.786842105263156,35,65,38,0,Low Engagement
13026,0,5,975.36,1620,24.384,32,274,40,0,Low Engagement
13027,113,6,2208.0,5520,169.84615384615384,6,240,13,3,VIP Customers
13028,22,2,661.3199999999999,798,14.695999999999998,40,22,45,0,Low Engagement
13029,30,2,116.5,74,16.642857142857142,7,107,7,1,Regular Customers
13030,10,2,752.4399999999999,348,8.178695652173912,76,356,92,0,Low Engagement
13032,51,2,1010.18,375,14.227887323943662,55,34,71,0,Low Engagement
13033,356,1,190.55,83,17.322727272727274,11,0,11,1,Regular Customers
13034,54,2,642.77,369,17.372162162162162,37,314,37,0,Low Engagement
13035,73,2,921.88,644,34.1437037037037,23,186,27,0,Low Engagement
13037,137,3,881.07,431,18.355625,44,118,48,0,Low Engagement
13038,79,3,908.46,360,32.445,24,210,28,0,Low Engagement
13040,8,2,676.99,355,15.743953488372092,38,24,43,0,Low Engagement
13043,272,1,516.42,254,39.72461538461538,13,0,13,1,Regular Customers
13044,290,1,560.47,429,16.983939393939394,33,0,33,1,Regular Customers
13045,98,1,305.28000000000003,221,16.96,18,0,18,1,Regular Customers
13046,30,2,629.31,264,17.980285714285714,33,235,35,0,Low Engagement
13047,56,9,3232.59,1390,18.9040350877193,105,317,171,2,Loyal Customers
13048,13,4,1819.41,1228,13.477111111111112,77,312,135,0,Low Engagement
13049,63,2,656.6800000000001,268,46.90571428571429,14,253,14,0,Low Engagement
13050,14,17,5833.11,3747,14.510223880597014,245,351,402,2,Loyal Customers
13052,211,1,348.15000000000003,222,19.34166666666667,18,0,18,1,Regular Customers
13055,77,3,1214.41,894,15.979078947368421,74,135,76,0,Low Engagement
13058,24,3,271.40000000000003,52,33.925000000000004,5,127,8,1,Regular Customers
13059,249,1,183.4,35,22.925,8,0,8,1,Regular Customers
13060,253,1,307.53,123,20.502,15,0,15,1,Regular Customers
13061,71,1,248.61,107,24.861,10,0,10,1,Regular Customers
13062,190,1,346.98,343,31.543636363636367,11,0,11,1,Regular Customers
13064,12,4,1105.59,514,16.258676470588235,51,314,68,0,Low Engagement
13065,372,1,205.86,74,14.704285714285716,14,0,14,1,Regular Customers
13066,23,2,470.8,322,9.808333333333334,48,7,48,0,Low Engagement
13067,81,1,115.46000000000001,32,7.697333333333334,14,0,15,1,Regular Customers
13068,9,2,344.0,200,172.0,1,309,2,3,VIP Customers
13069,0,24,4186.64,4433,9.897494089834517,281,368,423,2,Loyal Customers
13070,191,1,228.8,110,25.422222222222224,9,0,9,1,Regular Customers
13072,266,1,177.15,69,25.307142857142857,7,0,7,1,Regular Customers
13075,129,1,919.61,485,41.80045454545455,22,0,22,1,Regular Customers
13077,0,4,728.02,862,6.558738738738739,99,365,111,0,Low Engagement
13078,2,26,11710.34,4962,33.08005649717514,93,363,354,2,Loyal Customers
13079,3,5,220.10000000000002,62,36.68333333333334,2,136,6,1,Regular Customers
13080,178,1,58.08,120,9.68,6,0,6,1,Regular Customers
13081,11,11,27922.38,18968,27.321311154598828,502,359,1022,2,Loyal Customers
13082,125,9,2062.63,2464,29.46614285714286,61,212,70,2,Loyal Customers
13083,3,2,303.75,187,16.875,15,71,18,1,Regular Customers
13085,157,2,416.08000000000004,216,18.912727272727274,17,137,22,1,Regular Customers
13089,2,94,53488.24,28729,29.781870824053453,636,365,1796,2,Loyal Customers
13090,8,13,4962.06,1702,35.191914893617025,95,364,141,2,Loyal Customers
13091,27,1,345.82,466,16.467619047619046,21,0,21,1,Regular Customers
13092,70,5,477.83,279,19.1132,19,288,25,0,Low Engagement
13093,275,8,6897.47,3733,44.499806451612905,95,97,155,2,Loyal Customers
13094,20,12,1927.3200000000002,1716,80.305,4,347,24,2,Loyal Customers
13095,70,1,74.39999999999999,144,12.399999999999999,6,0,6,1,Regular Customers
13097,32,10,6003.22,2360,14.259429928741094,214,327,421,2,Loyal Customers
13098,0,28,25215.72,14696,45.02807142857143,155,316,560,2,Loyal Customers
13101,233,1,101.19,113,12.64875,8,0,8,1,Regular Customers
13102,0,24,6166.33,4060,20.35092409240924,140,363,303,2,Loyal Customers
13103,39,1,243.94,82,30.4925,8,0,8,1,Regular Customers
13104,2,6,1098.48,504,54.924,14,351,20,0,Low Engagement
13106,132,1,76.5,18,76.5,1,0,1,3,VIP Customers
13107,43,4,1531.6200000000001,1293,26.407241379310346,54,289,58,0,Low Engagement
13108,372,1,350.06,298,35.006,10,0,10,1,Regular Customers
13109,59,2,786.54,520,16.734893617021275,41,97,47,0,Low Engagement
13110,30,7,1488.67,388,10.266689655172414,109,279,145,0,Low Engagement
13113,0,24,6766.36,2091,37.177802197802194,95,365,182,2,Loyal Customers
13115,11,4,2294.78,1567,19.12316666666667,88,172,120,0,Low Engagement
13116,137,1,501.14,291,16.704666666666665,30,0,30,1,Regular Customers
13117,21,8,984.91,945,12.959342105263158,66,350,76,0,Low Engagement
13118,19,5,1197.81,410,15.162151898734177,68,269,79,0,Low Engagement
13120,238,1,30.599999999999998,12,30.599999999999998,1,0,1,1,Regular Customers
13121,268,1,283.73,252,5.674600000000001,50,0,50,1,Regular Customers
13122,93,2,922.39,585,16.77072727272727,54,146,55,0,Low Engagement
13124,89,3,3756.33,2119,16.920405405405404,185,269,222,2,Loyal Customers
13126,4,8,2099.64,2143,14.997428571428571,124,361,140,2,Loyal Customers
13127,77,1,259.17,127,17.278000000000002,15,0,15,1,Regular Customers
13130,93,1,64.0,32,32.0,2,0,2,1,Regular Customers
13131,22,3,1073.3,447,24.393181818181816,30,164,44,0,Low Engagement
13132,261,1,77.3,20,25.766666666666666,3,0,3,1,Regular Customers
13133,273,2,109.8,32,15.685714285714285,7,30,7,1,Regular Customers
13134,85,4,1793.58,1059,18.301836734693875,94,154,98,0,Low Engagement
13136,55,5,2607.61,1328,20.53236220472441,94,156,127,0,Low Engagement
13137,10,8,3603.29,2204,5.244963609898107,345,298,687,2,Loyal Customers
13138,21,6,962.39,473,15.276031746031746,31,350,63,0,Low Engagement
13139,15,7,5064.94,2425,29.79376470588235,132,243,170,2,Loyal Customers
13140,107,3,422.47,185,9.388222222222224,40,258,45,0,Low Engagement
13141,84,5,2388.75,1548,17.694444444444443,113,230,135,2,Loyal Customers
13142,18,1,307.09,258,13.351739130434781,23,0,23,1,Regular Customers
13144,332,1,110.95,21,36.983333333333334,3,0,3,1,Regular Customers
13145,39,3,323.52000000000004,144,64.70400000000001,4,87,5,3,VIP Customers
13146,25,1,228.91,154,13.465294117647058,16,0,17,1,Regular Customers
13147,42,2,237.60000000000002,48,118.80000000000001,1,56,2,3,VIP Customers
13148,28,12,3683.26,1965,11.805320512820513,231,335,312,2,Loyal Customers
13149,13,4,1676.06,1280,19.48906976744186,76,274,86,0,Low Engagement
13151,295,1,1257.8700000000001,363,16.998243243243245,73,0,74,1,Regular Customers
13153,5,1,486.22,418,32.41466666666667,15,0,15,1,Regular Customers
13155,32,4,971.76,497,11.432470588235294,67,335,85,0,Low Engagement
13157,48,4,1741.22,1439,20.014022988505747,69,248,87,0,Low Engagement
13158,94,4,1201.06,784,15.203291139240505,59,224,79,0,Low Engagement
13159,8,4,1429.35,1058,11.911249999999999,114,106,120,0,Low Engagement
13160,21,1,91.8,56,22.95,4,0,4,1,Regular Customers
13161,312,1,112.75,29,14.09375,8,0,8,1,Regular Customers
13162,121,4,1688.29,1713,21.370759493670885,74,212,79,0,Low Engagement
13165,45,2,1021.48,1376,24.32095238095238,40,305,42,0,Low Engagement
13166,282,1,417.2,216,10.175609756097561,39,0,41,1,Regular Customers
13167,18,4,779.33,773,12.17703125,50,125,64,0,Low Engagement
13168,35,4,1299.59,670,10.314206349206348,102,281,126,0,Low Engagement
13169,63,2,712.88,272,54.83692307692308,11,188,13,0,Low Engagement
13170,26,1,108.81,141,3.6270000000000002,29,0,30,1,Regular Customers
13171,21,3,468.41,229,10.182826086956522,37,277,46,0,Low Engagement
13173,3,2,353.65,277,8.224418604651163,41,363,43,0,Low Engagement
13174,15,3,2738.82,1351,9.379520547945207,227,352,292,2,Loyal Customers
13176,45,1,481.49,448,7.186417910447761,66,0,67,0,Low Engagement
13177,64,1,282.45,91,16.61470588235294,17,0,17,1,Regular Customers
13178,25,11,5725.47,3570,21.60554716981132,95,334,265,2,Loyal Customers
13182,44,1,121.18,201,11.016363636363637,11,0,11,1,Regular Customers
13183,7,9,3957.78,2208,42.10404255319149,51,326,94,2,Loyal Customers
13184,14,10,1667.95,1661,9.370505617977528,137,275,178,2,Loyal Customers
13185,267,1,71.4,12,71.4,1,0,1,3,VIP Customers
13186,39,3,1575.89,820,19.947974683544306,69,89,79,0,Low Engagement
13187,336,1,236.02,95,6.378918918918919,37,0,37,1,Regular Customers
13188,10,1,114.60000000000001,25,57.300000000000004,2,0,2,1,Regular Customers
13189,18,2,260.68,842,8.988965517241379,29,96,29,0,Low Engagement
13192,94,2,911.94,595,14.475238095238096,57,109,63,0,Low Engagement
13193,60,1,112.08,46,4.4832,22,0,25,1,Regular Customers
13194,135,1,60.7,26,20.233333333333334,3,0,3,1,Regular Customers
13196,10,4,1797.78,1224,16.343454545454545,97,250,110,0,Low Engagement
13198,9,6,3401.2400000000002,2648,15.049734513274338,199,351,226,2,Loyal Customers
13199,3,35,7339.96,5079,67.33908256880734,43,363,109,2,Loyal Customers
13200,18,4,870.09,516,18.915,42,107,46,0,Low Engagement
13203,9,4,869.46,800,15.253684210526316,56,232,57,0,Low Engagement
13207,14,2,250.26000000000002,130,31.282500000000002,7,135,8,1,Regular Customers
13208,58,5,1193.17,767,8.172397260273973,123,249,146,0,Low Engagement
13209,29,8,5891.61,4253,18.35392523364486,255,331,321,2,Loyal Customers
13210,93,1,353.48,316,16.067272727272726,22,0,22,1,Regular Customers
13211,9,3,687.42,674,12.970188679245283,45,350,53,0,Low Engagement
13212,19,3,786.83,309,5.580354609929079,128,41,141,0,Low Engagement
13213,56,5,1520.58,1360,16.895333333333333,82,142,90,0,Low Engagement
13216,267,1,333.74,297,66.748,5,0,5,3,VIP Customers
13217,121,3,294.94,166,98.31333333333333,3,34,3,3,VIP Customers
13218,126,1,62.63999999999999,88,12.527999999999999,5,0,5,1,Regular Customers
13220,77,4,819.2900000000001,196,39.01380952380953,18,158,21,0,Low Engagement
13221,239,2,844.86,243,12.997846153846154,61,119,65,0,Low Engagement
13223,199,2,163.20000000000002,88,32.64,5,31,5,1,Regular Customers
13224,59,2,2152.95,1515,20.121028037383176,100,91,107,0,Low Engagement
13225,2,6,3151.52,1912,143.2509090909091,14,334,22,3,VIP Customers
13226,272,1,108.21000000000001,80,6.7631250000000005,16,0,16,1,Regular Customers
13227,201,1,257.7,99,28.633333333333333,9,0,9,1,Regular Customers
13228,80,1,358.0,200,179.0,2,0,2,3,VIP Customers
13229,225,1,160.95,63,16.095,10,0,10,1,Regular Customers
13230,3,14,2755.63,1638,4.69442930153322,393,360,587,2,Loyal Customers
13232,12,7,1327.75,771,6.605721393034826,146,230,201,2,Loyal Customers
13233,73,2,605.12,1004,14.072558139534884,43,261,43,0,Low Engagement
13235,211,1,1031.07,441,17.77706896551724,53,0,58,1,Regular Customers
13236,24,2,744.85,416,20.69027777777778,34,82,36,0,Low Engagement
13238,16,4,700.73,298,22.604193548387098,20,343,31,0,Low Engagement
13239,261,1,329.56,327,15.693333333333333,21,0,21,1,Regular Customers
13240,95,4,648.7,297,9.82878787878788,58,269,66,0,Low Engagement
13242,111,3,270.40000000000003,130,20.800000000000004,12,101,13,1,Regular Customers
13243,202,1,585.12,232,10.265263157894736,56,0,57,1,Regular Customers
13244,92,1,121.74000000000001,38,4.508888888888889,27,0,27,1,Regular Customers
13245,50,1,430.5,125,26.90625,16,0,16,1,Regular Customers
13246,17,6,1961.52,1587,14.422941176470587,110,312,136,2,Loyal Customers
13247,17,4,501.12,328,20.0448,18,64,25,0,Low Engagement
13248,124,2,465.68,305,17.91076923076923,25,64,26,1,Regular Customers
13249,91,3,711.41,546,30.93086956521739,21,168,23,0,Low Engagement
13253,156,2,1030.4,1572,28.622222222222224,35,182,36,0,Low Engagement
13255,8,2,399.51,177,30.73153846153846,13,364,13,0,Low Engagement
13258,11,3,672.83,282,18.689722222222223,28,193,36,0,Low Engagement
13259,61,1,283.18,126,3.4960493827160493,77,0,81,1,Regular Customers
13260,60,1,338.62,122,48.37428571428571,7,0,7,1,Regular Customers
13261,268,2,944.1,210,104.9,8,17,9,3,VIP Customers
13262,262,1,200.29,125,18.208181818181817,11,0,11,1,Regular Customers
13263,0,35,7426.71,4762,4.46585087191822,449,323,1663,2,Loyal Customers
13265,52,5,1860.66,1580,20.90629213483146,66,220,89,0,Low Engagement
13266,10,12,3834.2599999999998,4428,20.504064171122995,82,245,187,2,Loyal Customers
13267,2,19,4521.49,1969,21.428862559241704,88,364,211,2,Loyal Customers
13268,17,10,3152.71,3548,7.297939814814815,256,249,432,2,Loyal Customers
13269,0,15,5343.28,3513,16.96279365079365,177,368,315,2,Loyal Customers
13271,36,1,211.49,240,2.430919540229885,79,0,87,1,Regular Customers
13272,30,2,276.56,96,18.437333333333335,15,58,15,1,Regular Customers
13273,112,1,138.98,153,8.68625,16,0,16,1,Regular Customers
13276,63,2,590.9300000000001,161,19.69766666666667,30,36,30,1,Regular Customers
13277,15,4,258.4,176,32.3,5,117,8,1,Regular Customers
13278,40,1,542.73,537,11.798478260869565,46,0,46,0,Low Engagement
13279,77,1,137.75,73,15.305555555555555,9,0,9,1,Regular Customers
13280,121,3,798.46,518,9.737317073170733,67,214,82,0,Low Engagement
13282,17,3,1132.14,307,30.59837837837838,29,202,37,0,Low Engagement
13283,59,2,93.66,90,13.379999999999999,7,125,7,1,Regular Customers
13284,330,1,201.19,91,15.476153846153846,13,0,13,1,Regular Customers
13285,22,4,2709.12,2051,14.487272727272726,157,266,187,2,Loyal Customers
13291,155,1,361.11,233,8.597857142857142,41,0,42,1,Regular Customers
13292,38,2,578.9399999999999,347,18.67548387096774,29,245,31,0,Low Engagement
13294,189,2,873.74,453,16.18037037037037,48,59,54,0,Low Engagement
13295,359,1,201.20000000000002,82,20.12,10,0,10,1,Regular Customers
13296,136,1,87.4,78,17.48,5,0,5,1,Regular Customers
13297,7,4,2089.85,963,35.421186440677964,52,59,59,0,Low Engagement
13298,0,1,90.0,24,90.0,1,0,1,3,VIP Customers
13299,267,1,142.5,30,28.5,5,0,5,1,Regular Customers
13300,168,1,371.89,203,18.5945,20,0,20,1,Regular Customers
13301,103,4,600.19,343,7.502375000000001,74,188,80,0,Low Engagement
13302,154,1,63.75,5,63.75,1,0,1,1,Regular Customers
13304,350,1,300.42,238,14.305714285714286,21,0,21,1,Regular Customers
13305,3,10,2000.86,1232,24.701975308641973,50,368,81,2,Loyal Customers
13307,119,1,15.0,4,15.0,1,0,1,1,Regular Customers
13308,22,3,1385.51,843,25.657592592592593,49,180,54,0,Low Engagement
13309,6,5,1456.79,1544,13.614859813084111,82,301,107,0,Low Engagement
13310,27,3,1132.03,587,15.722638888888888,65,296,72,0,Low Engagement
13311,3,2,598.57,305,23.02192307692308,25,145,26,0,Low Engagement
13313,21,5,1555.32,851,19.939999999999998,47,317,78,0,Low Engagement
13314,1,3,775.94,560,12.515161290322581,55,72,62,0,Low Engagement
13316,36,4,4709.33,2348,57.430853658536584,64,217,82,2,Loyal Customers
13317,65,6,2273.68,1035,18.336129032258064,100,292,124,2,Loyal Customers
13318,0,3,640.76,304,32.038,14,36,20,0,Low Engagement
13319,4,26,10845.550000000001,4724,22.784768907563027,209,360,476,2,Loyal Customers
13320,77,4,1532.2,1086,14.592380952380953,77,135,105,0,Low Engagement
13321,71,2,335.36,212,33.536,10,14,10,1,Regular Customers
13322,16,1,199.48000000000002,117,7.9792000000000005,25,0,25,1,Regular Customers
13323,2,5,583.85,127,29.192500000000003,6,81,20,0,Low Engagement
13324,35,10,5625.61,4403,81.53057971014492,24,324,69,2,Loyal Customers
13325,81,1,675.3,240,56.275,12,0,12,1,Regular Customers
13327,38,8,3627.77,1600,33.59046296296296,74,326,108,2,Loyal Customers
13328,315,1,1042.08,536,65.13,16,0,16,3,VIP Customers
13329,31,2,789.0,463,46.411764705882355,16,335,17,0,Low Engagement
13330,92,3,1140.93,751,21.526981132075473,37,223,53,0,Low Engagement
13332,13,1,350.9,179,16.70952380952381,21,0,21,1,Regular Customers
13334,81,3,3502.32,1764,13.216301886792454,207,223,265,2,Loyal Customers
13336,76,1,795.12,559,15.590588235294117,51,0,51,0,Low Engagement
13338,157,1,487.02,256,25.632631578947368,19,0,19,1,Regular Customers
13339,200,1,860.12,326,15.928148148148148,54,0,54,1,Regular Customers
13340,44,7,9234.56,4762,72.145,122,231,128,2,Loyal Customers
13341,260,1,775.85,301,18.472619047619048,42,0,42,1,Regular Customers
13343,177,1,353.43,135,18.60157894736842,19,0,19,1,Regular Customers
13344,67,3,2221.69,950,19.31904347826087,114,209,115,0,Low Engagement
13345,287,1,389.5,141,19.475,20,0,20,1,Regular Customers
13347,69,1,341.36,205,42.67,8,0,8,1,Regular Customers
13348,63,1,233.76,136,16.697142857142858,14,0,14,1,Regular Customers
13349,10,1,247.32,225,15.4575,16,0,16,1,Regular Customers
13350,15,2,979.12,287,24.478,36,63,40,0,Low Engagement
13351,65,1,373.94,117,23.37125,16,0,16,1,Regular Customers
13352,59,1,397.97999999999996,321,16.5825,24,0,24,1,Regular Customers
13354,70,1,743.53,604,14.579019607843136,51,0,51,0,Low Engagement
13355,121,1,674.7,314,21.084375,32,0,32,1,Regular Customers
13356,79,1,768.24,325,18.291428571428572,42,0,42,1,Regular Customers
13357,256,1,609.4,321,6.847191011235955,85,0,89,1,Regular Customers
13358,268,1,439.03,285,15.138965517241378,29,0,29,1,Regular Customers
13359,63,1,439.56,161,19.11130434782609,23,0,23,1,Regular Customers
13362,8,4,3090.7400000000002,1382,18.618915662650604,128,278,166,2,Loyal Customers
13363,17,2,992.5,710,16.541666666666668,47,26,60,0,Low Engagement
13364,70,1,134.95999999999998,71,13.495999999999999,10,0,10,1,Regular Customers
13365,33,2,2225.37,1247,17.385703125,122,184,128,0,Low Engagement
13366,49,1,56.160000000000004,144,56.160000000000004,1,0,1,1,Regular Customers
13368,256,2,623.4,327,21.49655172413793,29,80,29,1,Regular Customers
13369,365,1,308.28000000000003,149,22.020000000000003,14,0,14,1,Regular Customers
13370,371,1,754.87,343,19.355641025641027,39,0,39,1,Regular Customers
13372,89,1,378.64,159,16.46260869565217,23,0,23,1,Regular Customers
13373,60,3,3312.25,1651,20.963607594936708,135,215,158,2,Loyal Customers
13375,88,1,778.65,442,21.044594594594592,37,0,37,1,Regular Customers
13376,98,3,1019.76,493,19.240754716981133,45,135,53,0,Low Engagement
13379,25,3,572.56,601,5.902680412371134,85,110,97,0,Low Engagement
13381,31,6,3639.31,2029,21.15877906976744,77,267,172,2,Loyal Customers
13382,280,1,222.99,131,14.866000000000001,15,0,15,1,Regular Customers
13384,30,7,3919.93,2262,25.95980132450331,123,147,151,2,Loyal Customers
13385,329,1,534.57,281,15.273428571428573,35,0,35,1,Regular Customers
13388,130,2,677.1,282,19.345714285714287,35,0,35,1,Regular Customers
13389,10,3,797.96,429,15.646274509803922,50,221,51,0,Low Engagement
13390,74,1,544.08,224,41.8523076923077,13,0,13,1,Regular Customers
13391,203,1,59.8,4,59.8,1,0,1,1,Regular Customers
13394,1,8,2520.02,2392,16.258193548387098,124,308,155,2,Loyal Customers
13395,184,1,307.72,336,14.653333333333334,21,0,21,1,Regular Customers
13396,28,2,1360.99,600,31.65093023255814,42,290,43,0,Low Engagement
13397,72,5,1544.13,430,40.635000000000005,28,266,38,0,Low Engagement
13398,191,1,457.34,281,17.59,26,0,26,1,Regular Customers
13402,126,2,621.23,479,15.92897435897436,32,244,39,0,Low Engagement
13403,17,1,75.0,44,25.0,3,0,3,1,Regular Customers
13404,0,2,252.49,111,22.953636363636363,11,211,11,1,Regular Customers
13405,73,3,572.451,165,21.201888888888888,25,243,27,0,Low Engagement
13408,1,61,26726.74,15602,56.624449152542375,231,371,472,2,Loyal Customers
13410,23,5,1003.06,518,35.82357142857143,15,267,28,0,Low Engagement
13411,106,1,213.55,72,11.863888888888889,17,0,18,1,Regular Customers
13414,133,2,568.5,374,25.84090909090909,22,23,22,1,Regular Customers
13416,43,2,712.5,142,37.5,11,37,19,1,Regular Customers
13417,4,2,640.83,162,22.886785714285715,26,200,28,0,Low Engagement
13418,11,18,5877.43,3916,19.397458745874587,222,360,303,2,Loyal Customers
13419,63,1,221.06,275,13.81625,16,0,16,1,Regular Customers
13420,149,2,159.85,101,19.98125,8,20,8,1,Regular Customers
13421,39,2,1823.21,1103,18.051584158415842,87,249,101,0,Low Engagement
13422,63,1,2626.3,1326,20.67952755905512,127,0,127,0,Low Engagement
13425,107,3,1624.21,1123,20.823205128205128,66,186,78,0,Low Engagement
13426,0,10,3641.32,2245,23.193121019108283,103,358,157,2,Loyal Customers
13427,18,3,582.6,545,20.089655172413792,25,195,29,0,Low Engagement
13428,9,1,201.78,151,2.8419718309859157,70,0,71,1,Regular Customers
13429,10,4,1006.8,1390,15.02686567164179,55,64,67,0,Low Engagement
13430,18,2,679.45,751,13.866326530612247,48,67,49,0,Low Engagement
13431,66,2,1269.1,672,27.589130434782607,44,21,46,0,Low Engagement
13434,73,2,534.24,300,53.424,9,22,10,1,Regular Customers
13435,4,7,3809.8900000000003,2129,37.72168316831684,68,183,101,2,Loyal Customers
13436,1,1,196.89,76,16.4075,12,0,12,1,Regular Customers
13437,13,7,3408.06,1283,20.40754491017964,143,175,167,2,Loyal Customers
13439,254,1,283.71,242,5.253888888888889,54,0,54,1,Regular Customers
13441,91,1,296.64,204,22.818461538461538,13,0,13,1,Regular Customers
13447,22,3,1129.14,584,19.137966101694918,55,12,59,0,Low Engagement
13448,16,6,3534.69,1648,18.22005154639175,137,357,194,2,Loyal Customers
13449,23,1,291.88,222,15.362105263157895,19,0,19,1,Regular Customers
13450,26,6,2043.7199999999998,1982,28.784788732394365,32,191,71,0,Low Engagement
13451,25,5,2898.2599999999998,2128,6.693441108545034,315,308,433,2,Loyal Customers
13453,165,2,356.97999999999996,134,20.998823529411762,16,123,17,1,Regular Customers
13455,24,2,1058.34,354,23.007391304347824,42,341,46,0,Low Engagement
13456,17,6,1351.72,665,22.159344262295082,43,189,61,0,Low Engagement
13458,6,14,9646.57,5508,25.252801047120418,242,352,382,2,Loyal Customers
13460,28,2,183.44,286,10.790588235294118,16,20,17,1,Regular Customers
13461,38,3,1445.0,1170,53.51851851851852,14,124,27,0,Low Engagement
13462,252,1,151.5,62,16.833333333333332,9,0,9,1,Regular Customers
13464,57,1,674.68,403,16.45560975609756,41,0,41,0,Low Engagement
13466,183,1,307.9,259,18.11176470588235,17,0,17,1,Regular Customers
13467,10,2,1071.91,580,10.937857142857144,89,25,98,0,Low Engagement
13468,1,37,5704.97,2589,18.89062913907285,184,371,302,2,Loyal Customers
13470,98,2,165.0,100,16.5,7,15,10,1,Regular Customers
13471,0,4,2501.84,1583,9.84976377952756,214,46,254,2,Loyal Customers
13473,60,2,422.64,266,20.125714285714285,21,272,21,0,Low Engagement
13474,235,1,226.84,129,3.658709677419355,59,0,62,1,Regular Customers
13475,190,4,1431.78,1012,16.648604651162792,64,107,86,0,Low Engagement
13476,178,2,1238.47,417,21.352931034482758,56,102,58,0,Low Engagement
13477,37,6,1454.58,1021,18.41240506329114,57,253,79,0,Low Engagement
13479,200,2,300.95,134,20.063333333333333,14,33,15,1,Regular Customers
13481,45,5,1804.56,1142,16.55559633027523,98,211,109,0,Low Engagement
13482,231,1,184.64,116,16.785454545454545,11,0,11,1,Regular Customers
13483,65,1,140.34,160,14.034,10,0,10,1,Regular Customers
13484,240,1,313.8,44,39.225,8,0,8,1,Regular Customers
13485,232,1,454.24,277,19.749565217391304,23,0,23,1,Regular Customers
13486,77,3,1122.41,669,16.2668115942029,69,76,69,0,Low Engagement
13487,57,3,575.4,265,16.923529411764704,26,295,34,0,Low Engagement
13488,16,13,8729.51,4494,20.73517814726841,270,350,421,2,Loyal Customers
13489,104,4,449.52,560,32.10857142857143,11,189,14,0,Low Engagement
13491,51,10,1215.82,903,14.137441860465115,73,320,86,2,Loyal Customers
13492,135,3,1269.84,408,25.3968,38,78,50,0,Low Engagement
13493,274,2,498.63,377,83.105,5,11,6,3,VIP Customers
13494,311,1,316.26000000000005,162,17.570000000000004,18,0,18,1,Regular Customers
13495,7,5,2044.8700000000001,829,42.60145833333333,34,360,48,0,Low Engagement
13496,10,2,653.33,341,18.66657142857143,28,349,35,0,Low Engagement
13497,282,2,348.05,163,18.318421052631578,19,85,19,1,Regular Customers
13499,17,5,1159.11,1365,27.59785714285714,31,252,42,0,Low Engagement
13500,22,3,1166.77,609,17.950307692307693,60,99,65,0,Low Engagement
13501,287,1,1340.32,560,25.775384615384613,52,0,52,1,Regular Customers
13502,16,3,292.0,264,16.22222222222222,17,307,18,0,Low Engagement
13503,70,1,216.85,248,12.755882352941176,17,0,17,1,Regular Customers
13504,63,1,295.93,178,13.451363636363636,22,0,22,1,Regular Customers
13505,72,4,3633.63,2467,17.220995260663507,181,159,211,2,Loyal Customers
13506,315,2,458.52,324,17.635384615384616,26,53,26,1,Regular Customers
13507,2,4,2479.16,1597,15.303456790123455,146,142,162,2,Loyal Customers
13508,243,1,110.97,24,9.2475,12,0,12,1,Regular Customers
13509,8,6,964.72,1105,22.435348837209304,26,275,43,0,Low Engagement
13510,0,4,1791.56,1386,15.578782608695652,86,182,115,0,Low Engagement
13512,260,1,251.21,143,16.747333333333334,15,0,15,1,Regular Customers
13513,126,1,205.1,109,20.509999999999998,10,0,10,1,Regular Customers
13514,73,1,152.20000000000002,40,38.050000000000004,4,0,4,1,Regular Customers
13515,72,4,891.12,681,15.103728813559322,50,175,59,0,Low Engagement
13516,20,3,1389.41,985,31.5775,43,217,44,0,Low Engagement
13517,59,3,2128.42,1369,15.09517730496454,125,120,141,0,Low Engagement
13518,85,1,627.16,382,17.42111111111111,36,0,36,1,Regular Customers
13519,77,1,122.75,23,15.34375,8,0,8,1,Regular Customers
13520,58,6,2984.35,1633,34.30287356321839,48,312,87,2,Loyal Customers
13521,0,3,1070.47,715,2.567074340527578,312,8,417,2,Loyal Customers
13522,29,1,125.80000000000001,44,25.160000000000004,5,0,5,1,Regular Customers
13523,32,5,3964.88,1752,23.051627906976744,157,333,172,2,Loyal Customers
13524,40,5,680.1800000000001,324,25.191851851851855,17,179,27,0,Low Engagement
13525,14,2,164.78,74,41.195,4,233,4,1,Regular Customers
13527,33,7,2242.36,1683,10.333456221198157,153,293,217,2,Loyal Customers
13529,78,2,307.76,74,20.517333333333333,15,125,15,1,Regular Customers
13531,204,2,483.8,174,21.990909090909092,17,161,22,1,Regular Customers
13532,33,1,210.31,129,3.1865151515151515,66,0,66,1,Regular Customers
13533,182,3,269.09,202,3.5878666666666663,61,84,75,1,Regular Customers
13534,1,25,5870.08,2961,19.83135135135135,119,355,296,2,Loyal Customers
13536,0,7,3444.39,2126,19.35050561797753,91,74,178,2,Loyal Customers
13538,42,7,1280.85,175,51.233999999999995,10,272,25,0,Low Engagement
13539,85,3,631.34,320,17.063243243243242,35,223,37,0,Low Engagement
13544,39,2,276.06,112,3.539230769230769,76,200,78,0,Low Engagement
13546,11,3,621.09,357,6.4029896907216495,72,188,97,0,Low Engagement
13548,95,2,678.16,436,5.51349593495935,114,147,123,0,Low Engagement
13549,25,7,918.2,458,18.00392156862745,37,216,51,0,Low Engagement
13551,318,1,91.80000000000001,12,22.950000000000003,4,0,4,1,Regular Customers
13552,65,12,3740.07,1417,34.31256880733945,82,249,109,2,Loyal Customers
13555,73,4,4098.88,2636,30.362074074074076,128,128,135,2,Loyal Customers
13557,27,2,584.06,546,17.178235294117645,31,252,34,0,Low Engagement
13558,5,4,594.52,338,3.517869822485207,123,62,169,0,Low Engagement
13560,6,1,171.42000000000002,63,5.3568750000000005,32,0,32,1,Regular Customers
13561,215,1,141.85999999999999,83,10.132857142857143,14,0,14,1,Regular Customers
13562,81,3,1799.33,757,21.943048780487803,50,163,82,0,Low Engagement
13563,83,2,777.53,209,15.867959183673468,49,55,49,0,Low Engagement
13564,353,2,1174.03,635,14.675374999999999,67,13,80,1,Regular Customers
13565,18,2,240.22,172,6.321578947368421,35,315,38,0,Low Engagement
13566,40,2,856.84,567,5.0700591715976335,134,41,169,0,Low Engagement
13568,172,1,187.05,66,4.3500000000000005,41,0,43,1,Regular Customers
13569,16,2,337.12,155,4.322051282051282,72,350,78,0,Low Engagement
13570,242,1,239.49,161,8.870000000000001,27,0,27,1,Regular Customers
13571,12,12,2088.94,1757,6.143941176470588,157,240,340,2,Loyal Customers
13572,205,1,1384.25,534,41.946969696969695,32,0,33,1,Regular Customers
13573,49,2,290.25,302,11.61,24,202,25,0,Low Engagement
13575,22,5,732.0699999999999,449,15.914565217391303,41,152,46,0,Low Engagement
13576,9,18,3584.98,1722,31.725486725663718,78,362,113,2,Loyal Customers
13577,24,4,1687.6000000000001,791,20.33253012048193,61,216,83,0,Low Engagement
13579,14,2,467.04,176,20.30608695652174,19,354,23,0,Low Engagement
13581,308,1,118.0,30,11.8,10,0,10,1,Regular Customers
13583,155,1,781.03,725,14.736415094339621,53,0,53,1,Regular Customers
13584,306,1,142.4,37,5.933333333333334,24,0,24,1,Regular Customers
13587,63,1,413.0,168,59.0,7,0,7,3,VIP Customers
13588,15,9,2478.95,2606,14.246839080459768,131,239,174,2,Loyal Customers
13589,14,2,379.65,114,18.07857142857143,21,164,21,0,Low Engagement
13590,10,6,1981.92,1848,22.780689655172413,70,291,87,2,Loyal Customers
13591,64,3,1117.13,485,19.26086206896552,56,202,58,0,Low Engagement
13592,35,4,247.95999999999998,84,15.497499999999999,15,228,16,0,Low Engagement
13593,107,5,2011.88,719,15.841574803149607,77,227,127,0,Low Engagement
13594,52,1,396.97,359,15.268076923076924,26,0,26,1,Regular Customers
13596,5,2,664.11,384,4.548698630136986,133,7,146,0,Low Engagement
13598,46,1,160.04,52,4.572571428571428,33,0,35,1,Regular Customers
13599,0,21,5149.92,3293,20.934634146341462,171,365,246,2,Loyal Customers
13600,311,1,219.52,324,11.553684210526317,19,0,19,1,Regular Customers
13601,44,2,693.32,548,7.003232323232324,90,166,99,0,Low Engagement
13602,64,1,428.89,267,18.647391304347824,23,0,23,1,Regular Customers
13603,25,1,164.34,164,6.086666666666667,27,0,27,1,Regular Customers
13606,28,3,276.75,276,6.91875,40,282,40,0,Low Engagement
13607,39,1,675.51,288,6.964020618556701,93,0,97,0,Low Engagement
13610,11,7,1082.33,488,5.034093023255814,165,273,215,2,Loyal Customers
13611,88,3,1154.4,754,16.033333333333335,67,270,72,0,Low Engagement
13614,23,4,1585.46,564,8.130564102564103,171,306,195,2,Loyal Customers
13615,318,1,417.69,189,18.160434782608696,23,0,23,1,Regular Customers
13617,39,3,544.18,300,12.367727272727272,31,140,44,0,Low Engagement
13618,173,1,177.34,246,13.641538461538461,13,0,13,1,Regular Customers
13621,116,1,213.85,343,11.255263157894737,19,0,19,1,Regular Customers
13623,30,5,727.74,286,9.33,75,266,78,0,Low Engagement
13626,252,1,257.23,209,13.53842105263158,19,0,19,1,Regular Customers
13627,58,5,1434.95,1077,15.768681318681319,84,298,91,0,Low Engagement
13629,22,11,5715.36,3222,107.83698113207546,27,315,53,3,VIP Customers
13630,4,7,2031.78,1391,28.61661971830986,51,280,71,0,Low Engagement
13631,99,6,492.5,87,82.08333333333333,3,167,6,3,VIP Customers
13632,24,5,2118.93,1031,14.613310344827585,121,218,145,2,Loyal Customers
13634,32,5,1547.3600000000001,700,8.319139784946238,156,293,186,2,Loyal Customers
13635,67,1,1071.03,677,17.274677419354838,62,0,62,0,Low Engagement
13636,36,5,949.12,592,15.065396825396826,57,248,63,0,Low Engagement
13637,51,3,803.05,404,8.19438775510204,78,174,98,0,Low Engagement
13638,15,1,122.64,93,15.33,8,0,8,1,Regular Customers
13639,73,1,795.74,656,20.403589743589745,38,0,39,0,Low Engagement
13642,215,1,312.28,151,5.478596491228069,57,0,57,1,Regular Customers
13643,30,3,519.44,273,18.551428571428573,24,154,28,0,Low Engagement
13644,15,4,2624.26,2067,17.974383561643837,144,89,146,0,Low Engagement
13645,119,1,252.1,158,50.42,5,0,5,1,Regular Customers
13647,9,4,1440.6200000000001,837,18.70935064935065,64,225,77,0,Low Engagement
13649,256,2,346.6,139,15.069565217391306,23,109,23,1,Regular Customers
13650,16,6,1836.34,922,19.128541666666667,79,250,96,0,Low Engagement
13651,34,2,94.2,33,15.700000000000001,6,4,6,1,Regular Customers
13652,45,3,1095.08,578,17.38222222222222,48,322,63,0,Low Engagement
13654,42,6,2707.33,2182,16.30921686746988,157,230,166,2,Loyal Customers
13655,113,2,932.97,605,16.66017857142857,52,127,56,0,Low Engagement
13656,164,2,379.65,490,7.747959183673469,49,172,49,0,Low Engagement
13657,10,2,382.14,209,23.88375,16,190,16,0,Low Engagement
13658,9,5,2639.17,1019,24.43675925925926,91,194,108,0,Low Engagement
13659,205,2,1563.0,882,15.174757281553399,92,115,103,0,Low Engagement
13662,85,3,881.26,533,16.947307692307692,50,173,52,0,Low Engagement
13663,178,1,189.47,91,14.574615384615385,13,0,13,1,Regular Customers
13666,59,3,84.65,41,7.054166666666667,12,227,12,1,Regular Customers
13667,148,1,299.05,149,3.603012048192771,82,0,83,1,Regular Customers
13668,2,21,6106.31,3530,13.217121212121214,284,359,462,2,Loyal Customers
13669,50,2,218.55,237,24.283333333333335,9,98,9,1,Regular Customers
13670,74,1,349.7,282,13.988,25,0,25,1,Regular Customers
13672,300,2,186.39000000000001,57,31.065,4,30,6,1,Regular Customers
13673,18,2,387.44,114,6.457333333333334,47,13,60,0,Low Engagement
13675,150,2,486.82000000000005,330,19.472800000000003,25,133,25,1,Regular Customers
13678,151,1,232.6,924,14.5375,16,0,16,1,Regular Customers
13680,0,4,3169.04,1790,16.505416666666665,163,337,192,2,Loyal Customers
13681,17,4,827.83,360,14.523333333333333,37,137,57,0,Low Engagement
13682,186,1,59.5,10,19.833333333333332,3,0,3,1,Regular Customers
13684,285,1,65.13,38,2.245862068965517,29,0,29,1,Regular Customers
13685,2,6,1139.44,2896,31.651111111111113,28,57,36,0,Low Engagement
13686,182,1,72.0,70,9.0,8,0,8,1,Regular Customers
13689,62,1,910.0,512,151.66666666666666,6,0,6,3,VIP Customers
13690,58,1,172.25,67,19.13888888888889,9,0,9,1,Regular Customers
13692,24,3,1488.32,1226,28.081509433962264,48,211,53,0,Low Engagement
13694,3,47,44035.83,51147,87.54638170974155,340,369,503,2,Loyal Customers
13695,30,15,2504.13,1603,27.823666666666668,46,228,90,2,Loyal Customers
13697,38,1,151.29999999999998,177,12.608333333333333,12,0,12,1,Regular Customers
13699,154,1,308.58000000000004,66,22.041428571428575,14,0,14,1,Regular Customers
13700,25,10,2248.63,2281,11.590876288659794,139,300,194,2,Loyal Customers
13703,317,1,99.5,10,99.5,1,0,1,3,VIP Customers
13704,4,9,2308.06,1531,17.224328358208954,111,83,134,2,Loyal Customers
13705,7,3,711.86,363,25.423571428571428,25,366,28,0,Low Engagement
13706,302,1,330.79,189,16.5395,20,0,20,1,Regular Customers
13707,266,2,806.41,351,16.800208333333334,48,48,48,1,Regular Customers
13708,270,1,283.33,300,5.902708333333333,48,0,48,1,Regular Customers
13709,3,13,6307.650000000001,3508,18.828805970149254,244,311,335,2,Loyal Customers
13710,31,1,180.48,176,22.56,8,0,8,1,Regular Customers
13711,218,2,252.06,140,19.38923076923077,11,0,13,1,Regular Customers
13712,246,1,228.84,352,22.884,10,0,10,1,Regular Customers
13715,280,5,1077.39,562,10.359519230769232,89,91,104,0,Low Engagement
13716,268,1,138.28,138,6.584761904761905,21,0,21,1,Regular Customers
13717,31,6,1445.01,1959,14.166764705882352,92,266,102,2,Loyal Customers
13718,245,2,306.55,173,25.545833333333334,9,49,12,1,Regular Customers
13719,14,5,1041.68,609,17.361333333333334,56,219,60,0,Low Engagement
13720,116,4,799.9,501,18.60232558139535,42,138,43,0,Low Engagement
13721,35,1,524.14,316,18.719285714285714,28,0,28,1,Regular Customers
13722,131,3,2375.41,1401,27.945999999999998,75,151,85,0,Low Engagement
13723,216,1,199.85000000000002,43,33.30833333333334,6,0,6,1,Regular Customers
13725,49,8,1980.56,806,19.043846153846154,95,258,104,2,Loyal Customers
13726,38,2,1079.6599999999999,1054,25.70619047619047,39,61,42,0,Low Engagement
13727,28,2,333.48,162,16.674,19,4,20,1,Regular Customers
13728,36,6,1016.14,458,16.12920634920635,38,273,63,0,Low Engagement
13730,135,2,752.6,488,17.50232558139535,38,25,43,0,Low Engagement
13731,218,2,610.59,278,16.068157894736842,36,27,38,1,Regular Customers
13732,27,1,491.86,498,14.904848484848486,33,0,33,0,Low Engagement
13735,24,4,2883.54,1128,14.787384615384616,158,209,195,2,Loyal Customers
13736,4,2,729.8,496,3.8410526315789473,166,255,190,0,Low Engagement
13737,199,1,339.59999999999997,125,11.319999999999999,29,0,30,1,Regular Customers
13739,17,1,216.9,54,72.3,3,0,3,3,VIP Customers
13740,240,1,350.75,425,15.25,23,0,23,1,Regular Customers
13741,71,3,668.4300000000001,218,19.65970588235294,34,145,34,0,Low Engagement
13742,16,12,3107.87,1115,9.92929712460064,200,303,313,2,Loyal Customers
13743,2,7,1341.6,1776,32.72195121951219,8,256,41,0,Low Engagement
13744,94,2,1080.52,1153,17.15111111111111,54,197,63,0,Low Engagement
13745,161,1,300.04,496,12.001600000000002,25,0,25,1,Regular Customers
13747,373,1,79.6,8,79.6,1,0,1,3,VIP Customers
13748,95,4,744.25,359,27.564814814814813,24,150,27,0,Low Engagement
13750,53,3,752.3000000000001,252,35.82380952380953,20,243,21,0,Low Engagement
13751,287,1,296.25,152,32.916666666666664,9,0,9,1,Regular Customers
13752,123,6,1175.38,874,15.671733333333334,64,122,75,0,Low Engagement
13753,287,1,741.26,512,21.178857142857144,35,0,35,1,Regular Customers
13754,151,2,282.59999999999997,214,23.549999999999997,11,165,12,1,Regular Customers
13755,3,9,2108.06,1242,6.567165109034268,232,59,321,2,Loyal Customers
13756,1,14,4619.52,2876,32.99657142857143,66,365,140,2,Loyal Customers
13758,11,7,3190.55,1844,27.26965811965812,104,361,117,2,Loyal Customers
13759,32,2,659.4100000000001,287,26.376400000000004,24,37,25,0,Low Engagement
13760,53,2,286.79,197,5.03140350877193,50,202,57,0,Low Engagement
13761,49,2,1070.65,642,15.295000000000002,68,129,70,0,Low Engagement
13762,218,1,306.72,272,43.81714285714286,7,0,7,1,Regular Customers
13763,62,1,1714.96,728,114.33066666666667,15,0,15,3,VIP Customers
13764,70,3,1516.42,923,7.36126213592233,182,266,206,2,Loyal Customers
13767,1,37,15389.960000000001,6298,42.39658402203857,55,371,363,2,Loyal Customers
13769,1,10,2796.51,1163,20.71488888888889,73,365,135,2,Loyal Customers
13771,63,4,2634.45,1477,22.138235294117646,114,182,119,0,Low Engagement
13772,33,3,1122.63,540,6.489190751445087,141,205,173,0,Low Engagement
13774,81,1,345.0,192,15.681818181818182,22,0,22,1,Regular Customers
13777,0,29,11232.01,6488,68.48786585365853,35,372,164,2,Loyal Customers
13778,102,1,178.7,70,19.855555555555554,9,0,9,1,Regular Customers
13780,6,2,360.01,318,6.315964912280702,56,163,57,0,Low Engagement
13781,250,1,127.84,30,7.5200000000000005,17,0,17,1,Regular Customers
13782,12,6,908.86,369,8.043008849557522,96,315,113,0,Low Engagement
13784,9,11,2462.79,2493,79.44483870967741,9,322,31,2,Loyal Customers
13786,366,1,230.39999999999998,136,32.91428571428571,7,0,7,1,Regular Customers
13787,75,2,309.04,337,9.969032258064518,24,288,31,0,Low Engagement
13790,3,1,348.8,748,7.751111111111111,45,0,45,0,Low Engagement
13791,127,2,1226.0,1000,122.6,7,40,10,3,VIP Customers
13792,65,2,195.55,92,15.042307692307693,13,221,13,1,Regular Customers
13798,0,55,30243.43,21182,93.63291021671827,108,363,323,2,Loyal Customers
13799,116,2,688.86,402,17.663076923076922,32,177,39,0,Low Engagement
13800,309,1,558.32,331,16.91878787878788,33,0,33,1,Regular Customers
13801,66,1,324.8,168,14.121739130434783,23,0,23,1,Regular Customers
13802,138,3,3782.42,2072,66.35824561403508,53,172,57,0,Low Engagement
13803,254,1,277.07,121,16.298235294117646,17,0,17,1,Regular Customers
13804,30,7,2588.39,1462,19.173259259259257,124,259,135,2,Loyal Customers
13805,51,2,924.6,1900,71.12307692307692,10,76,13,3,VIP Customers
13806,63,1,256.38,56,25.637999999999998,10,0,10,1,Regular Customers
13807,366,1,112.6,36,16.085714285714285,7,0,7,1,Regular Customers
13808,5,5,1747.66,782,22.995526315789476,70,91,76,0,Low Engagement
13809,304,1,155.05,29,12.920833333333334,11,0,12,1,Regular Customers
13810,28,2,827.51,307,25.8596875,30,27,32,0,Low Engagement
13811,183,2,519.75,63,51.975,5,55,10,1,Regular Customers
13812,41,3,485.0,330,14.696969696969697,32,63,33,0,Low Engagement
13813,39,4,1168.8600000000001,541,17.98246153846154,53,95,65,0,Low Engagement
13814,91,2,1579.12,864,27.703859649122805,37,44,57,0,Low Engagement
13815,21,4,3667.36,2540,21.198612716763005,131,296,173,2,Loyal Customers
13816,23,2,499.67,265,19.218076923076925,24,40,26,0,Low Engagement
13817,28,2,328.98,208,14.953636363636365,19,322,22,0,Low Engagement
13819,301,3,1140.35,1109,31.676388888888887,26,18,36,1,Regular Customers
13821,144,2,385.64,153,6.536271186440678,51,116,59,1,Regular Customers
13822,5,2,632.0,611,6.583333333333333,90,34,96,0,Low Engagement
13823,18,2,957.66,439,23.941499999999998,39,72,40,0,Low Engagement
13824,32,5,1491.44,718,33.14311111111111,33,277,45,0,Low Engagement
13826,175,1,189.5,82,18.95,10,0,10,1,Regular Customers
13827,57,3,409.8,138,4.4543478260869565,83,85,92,0,Low Engagement
13828,21,1,209.49,311,13.966000000000001,15,0,15,1,Regular Customers
13831,15,6,1872.05,615,26.366901408450705,58,353,71,0,Low Engagement
13832,18,1,52.199999999999996,28,17.4,3,0,3,1,Regular Customers
13833,158,1,383.85,117,13.708928571428572,28,0,28,1,Regular Customers
13835,24,4,834.57,442,15.174000000000001,48,190,55,0,Low Engagement
13837,211,2,266.59000000000003,182,14.810555555555558,17,105,18,1,Regular Customers
13838,5,4,674.82,254,4.089818181818182,144,364,165,0,Low Engagement
13841,252,1,85.0,100,85.0,1,0,1,3,VIP Customers
13842,58,9,3385.62,1768,16.43504854368932,155,308,206,2,Loyal Customers
13844,10,1,361.62,196,18.081,20,0,20,1,Regular Customers
13845,64,1,312.98,182,34.775555555555556,9,0,9,1,Regular Customers
13846,24,3,865.0600000000001,388,15.728363636363637,55,335,55,0,Low Engagement
13848,297,1,135.0,200,67.5,2,0,2,3,VIP Customers
13849,51,2,1537.95,1016,15.227227722772279,97,119,101,0,Low Engagement
13850,128,1,1595.48,944,17.155698924731183,93,0,93,0,Low Engagement
13851,95,3,1763.46,1225,22.04325,76,192,80,0,Low Engagement
13853,56,1,1090.14,312,47.39739130434783,23,0,23,1,Regular Customers
13854,8,24,6690.32,2040,64.33,38,356,104,2,Loyal Customers
13856,168,3,388.5,494,27.75,10,34,14,1,Regular Customers
13858,56,1,216.17,75,19.651818181818182,11,0,11,1,Regular Customers
13859,325,1,201.16,129,7.184285714285714,27,0,28,1,Regular Customers
13860,0,5,1245.9,591,16.39342105263158,58,85,76,0,Low Engagement
13862,17,8,2209.36,1688,15.894676258992806,97,314,139,2,Loyal Customers
13863,247,1,305.78,224,15.288999999999998,20,0,20,1,Regular Customers
13865,57,4,501.56,204,16.718666666666667,26,231,30,0,Low Engagement
13866,73,1,145.67000000000002,57,20.810000000000002,7,0,7,1,Regular Customers
13867,30,3,1005.09,501,16.7515,51,186,60,0,Low Engagement
13868,38,1,507.54,464,15.860625,32,0,32,1,Regular Customers
13869,122,4,3083.65,1709,10.143585526315789,234,233,304,2,Loyal Customers
13870,1,8,2155.44,1115,19.245,89,285,112,2,Loyal Customers
13871,22,13,6403.25,2806,19.057291666666668,155,286,336,2,Loyal Customers
13873,119,3,389.6,140,16.93913043478261,21,190,23,0,Low Engagement
13874,357,1,540.45,180,30.025000000000002,18,0,18,1,Regular Customers
13875,53,5,1786.79,1316,17.180673076923078,79,247,104,0,Low Engagement
13876,63,1,122.7,36,17.52857142857143,7,0,7,1,Regular Customers
13877,85,1,117.24,108,39.08,3,0,3,1,Regular Customers
13878,54,1,1271.57,463,36.330571428571425,35,0,35,0,Low Engagement
13880,20,13,3219.77,1842,19.513757575757577,125,345,165,2,Loyal Customers
13881,3,19,10823.02,6904,69.37833333333333,71,308,156,2,Loyal Customers
13882,2,5,1191.13,953,18.325076923076924,54,61,65,0,Low Engagement
13883,10,5,2674.48,1436,18.834366197183098,108,242,142,2,Loyal Customers
13884,6,5,787.6,300,13.349152542372881,45,276,59,0,Low Engagement
13885,188,2,506.8,182,18.1,28,11,28,1,Regular Customers
13886,70,1,243.56,126,15.2225,16,0,16,1,Regular Customers
13887,203,1,349.55,147,18.397368421052633,19,0,19,1,Regular Customers
13888,119,2,595.67,254,15.273589743589742,38,98,39,0,Low Engagement
13889,92,1,416.90000000000003,146,27.793333333333337,15,0,15,1,Regular Customers
13890,0,10,1883.8100000000002,831,17.125545454545456,74,357,110,2,Loyal Customers
13892,26,4,632.97,983,23.443333333333335,26,219,27,0,Low Engagement
13893,297,1,515.1,154,25.755000000000003,20,0,20,1,Regular Customers
13894,23,3,564.62,354,20.911851851851853,25,286,27,0,Low Engagement
13895,27,4,2593.07,1365,21.975169491525424,97,136,118,0,Low Engagement
13897,49,1,311.16,200,18.303529411764707,17,0,17,1,Regular Customers
13898,325,1,155.93,133,12.994166666666667,12,0,12,1,Regular Customers
13899,15,2,388.52,156,20.448421052631577,19,258,19,0,Low Engagement
13900,182,3,740.95,430,17.23139534883721,42,79,43,0,Low Engagement
13901,71,5,2867.2,1739,19.242953020134227,144,246,149,2,Loyal Customers
13904,36,2,332.64,332,12.793846153846154,24,257,26,0,Low Engagement
13908,79,4,2369.55,1478,19.42254098360656,104,196,122,0,Low Engagement
13911,56,9,2580.91,2731,17.43858108108108,120,251,148,2,Loyal Customers
13914,11,2,626.45,380,18.983333333333334,28,24,33,0,Low Engagement
13917,49,2,272.04,228,15.113333333333335,16,141,18,1,Regular Customers
13918,49,2,958.44,900,33.04965517241379,29,203,29,0,Low Engagement
13919,58,2,348.81,472,13.41576923076923,23,62,26,0,Low Engagement
13922,351,1,172.25,93,24.607142857142858,7,0,7,1,Regular Customers
13923,53,1,351.13,185,17.5565,20,0,20,1,Regular Customers
13924,1,6,1838.8500000000001,1575,15.716666666666669,90,70,117,0,Low Engagement
13925,92,4,678.25,331,16.54268292682927,28,42,41,0,Low Engagement
13926,22,1,223.85000000000002,104,20.35,11,0,11,1,Regular Customers
13927,74,1,348.99,214,16.61857142857143,21,0,21,1,Regular Customers
13928,10,4,464.57,129,17.206296296296298,23,122,27,0,Low Engagement
13929,168,2,444.65,103,55.58125,8,157,8,3,VIP Customers
13930,57,2,337.34,274,19.843529411764706,15,78,17,1,Regular Customers
13931,95,2,982.53,695,17.237368421052633,55,185,57,0,Low Engagement
13932,294,1,307.4,72,19.2125,16,0,16,1,Regular Customers
13933,108,2,608.7900000000001,205,26.469130434782613,23,39,23,1,Regular Customers
13934,263,1,922.1,390,29.74516129032258,31,0,31,1,Regular Customers
13936,179,1,376.58,330,14.483846153846153,26,0,26,1,Regular Customers
13937,168,1,158.85,123,17.65,9,0,9,1,Regular Customers
13938,34,1,71.66,70,10.237142857142857,7,0,7,1,Regular Customers
13939,22,3,568.55,847,12.634444444444444,43,288,45,0,Low Engagement
13940,16,4,839.14,516,17.12530612244898,39,126,49,0,Low Engagement
13941,21,5,2957.52,1584,79.93297297297298,22,350,37,0,Low Engagement
13946,78,3,561.5699999999999,443,51.05181818181818,11,188,11,0,Low Engagement
13947,64,1,90.6,44,18.119999999999997,5,0,5,1,Regular Customers
13948,360,1,102.0,40,34.0,3,0,3,1,Regular Customers
13949,2,6,2427.32,2474,15.170750000000002,124,91,160,2,Loyal Customers
13950,10,4,745.06,323,21.28742857142857,33,235,35,0,Low Engagement
13951,175,3,674.45,459,17.293589743589745,38,118,39,0,Low Engagement
13952,217,2,3251.071,1431,23.730445255474454,120,20,137,0,Low Engagement
13953,6,2,265.68,124,20.436923076923076,7,108,13,1,Regular Customers
13954,1,2,439.92,150,17.5968,24,69,25,0,Low Engagement
13955,153,2,322.96,154,9.786666666666665,33,151,33,1,Regular Customers
13956,4,5,1019.27,486,6.933809523809524,123,266,147,0,Low Engagement
13959,78,3,594.04,355,6.600444444444444,79,283,90,0,Low Engagement
13960,20,2,230.22,142,19.185,11,50,12,1,Regular Customers
13962,21,2,169.55,87,15.413636363636364,11,223,11,1,Regular Customers
13963,307,4,664.54,460,18.986857142857144,35,59,35,1,Regular Customers
13967,145,1,80.7,42,40.35,2,0,2,1,Regular Customers
13969,6,18,8609.17,4428,13.953273905996758,334,357,617,2,Loyal Customers
13971,18,8,2758.26,1844,18.511812080536913,118,266,149,2,Loyal Customers
13972,70,2,190.25,187,12.683333333333334,15,131,15,1,Regular Customers
13973,286,1,264.7,109,24.063636363636363,11,0,11,1,Regular Customers
13974,48,1,413.59000000000003,249,14.77107142857143,28,0,28,1,Regular Customers
13975,30,6,2461.2400000000002,1697,7.480972644376901,240,245,329,2,Loyal Customers
13976,206,1,357.98,154,35.798,10,0,10,1,Regular Customers
13978,14,2,196.79000000000002,315,13.119333333333335,14,30,15,1,Regular Customers
13979,72,1,869.87,639,16.108703703703704,54,0,54,0,Low Engagement
13980,59,1,200.14,172,18.19454545454545,11,0,11,1,Regular Customers
13982,38,4,1871.81,1136,16.863153153153153,72,326,111,0,Low Engagement
13983,29,10,1733.43,1177,16.667596153846155,90,337,104,2,Loyal Customers
13984,26,4,488.03,271,32.535333333333334,13,339,15,0,Low Engagement
13985,3,15,7060.13,3445,20.229598853868197,108,260,349,2,Loyal Customers
13986,16,1,320.46,430,24.650769230769228,12,0,13,1,Regular Customers
13988,19,6,4147.96,3044,17.726324786324785,188,234,234,2,Loyal Customers
13989,65,2,1266.08,1313,30.88,33,173,41,0,Low Engagement
13990,212,1,311.3,190,19.45625,16,0,16,1,Regular Customers
13991,11,6,851.88,994,10.517037037037037,57,131,81,0,Low Engagement
13992,29,1,76.8,64,15.36,5,0,5,1,Regular Customers
13993,42,9,3262.36,852,27.186333333333334,66,287,120,2,Loyal Customers
13994,3,6,2274.14,932,15.36581081081081,122,144,148,0,Low Engagement
13995,14,5,1393.69,879,16.205697674418605,55,230,86,0,Low Engagement
13999,9,12,3901.81,2243,18.758701923076924,102,351,208,2,Loyal Customers
14000,210,1,635.66,710,42.37733333333333,15,0,15,1,Regular Customers
14001,45,3,2043.0800000000002,962,52.38666666666667,34,327,39,0,Low Engagement
14002,133,2,529.73,877,11.270851063829788,47,22,47,0,Low Engagement
14004,42,7,4582.64,2668,26.799064327485382,102,245,171,2,Loyal Customers
14005,9,5,2874.72,2478,34.22285714285714,53,206,84,0,Low Engagement
14006,115,3,962.19,641,32.073,22,196,30,0,Low Engagement
14009,197,2,695.61,365,16.562142857142856,42,7,42,1,Regular Customers
14012,277,1,328.8,160,29.89090909090909,11,0,11,1,Regular Customers
14013,109,3,473.02,462,13.91235294117647,30,165,34,0,Low Engagement
14014,76,1,505.18,1076,12.953333333333333,39,0,39,0,Low Engagement
14015,52,1,917.34,378,45.867000000000004,20,0,20,1,Regular Customers
14016,161,4,4133.71,2075,25.8356875,153,195,160,2,Loyal Customers
14019,46,3,1421.61,1037,21.539545454545454,37,91,66,0,Low Engagement
14020,16,2,642.8,441,16.48205128205128,37,71,39,0,Low Engagement
14021,154,3,631.9,192,28.722727272727273,22,101,22,1,Regular Customers
14022,224,1,440.0,487,15.714285714285714,28,0,28,1,Regular Customers
14023,6,2,584.07,345,18.840967741935486,30,242,31,0,Low Engagement
14024,121,2,327.7,150,20.48125,16,2,16,1,Regular Customers
14027,60,1,104.82,62,17.47,6,0,6,1,Regular Customers
14029,62,2,467.66,198,31.177333333333333,15,80,15,1,Regular Customers
14030,17,8,2068.84,1476,8.584398340248963,209,348,241,2,Loyal Customers
14031,6,17,12308.300000000001,4494,51.28458333333334,118,365,240,2,Loyal Customers
14032,1,11,2975.59,2032,20.80832167832168,53,364,143,2,Loyal Customers
14034,21,3,648.89,420,7.545232558139535,82,135,86,0,Low Engagement
14035,28,5,1428.02,739,21.636666666666667,41,268,66,0,Low Engagement
14036,284,1,626.65,268,16.49078947368421,38,0,38,1,Regular Customers
14037,175,2,147.20000000000002,46,5.257142857142858,27,188,28,1,Regular Customers
14038,77,3,1560.38,965,16.960652173913044,64,128,92,0,Low Engagement
14039,32,1,152.2,92,25.366666666666664,6,0,6,1,Regular Customers
14040,40,12,3560.32,1544,15.547248908296943,146,290,229,2,Loyal Customers
14041,265,1,141.41,94,6.733809523809524,21,0,21,1,Regular Customers
14044,26,4,646.42,304,3.1379611650485435,165,283,206,0,Low Engagement
14045,337,1,132.0,80,132.0,1,0,1,3,VIP Customers
14046,283,1,151.59,443,11.660769230769231,13,0,13,1,Regular Customers
14047,8,5,1308.6100000000001,381,40.894062500000004,22,364,32,0,Low Engagement
14048,304,1,409.93,288,4.822705882352941,83,0,85,1,Regular Customers
14049,16,4,5578.72,3808,11.670962343096235,348,301,478,2,Loyal Customers
14050,31,2,746.36,689,13.821481481481483,49,74,54,0,Low Engagement
14051,0,23,12917.59,3334,64.91251256281407,52,365,199,2,Loyal Customers
14052,19,1,225.36,89,4.024285714285715,56,0,56,1,Regular Customers
14053,123,2,260.25,215,65.0625,2,35,4,3,VIP Customers
14054,64,1,92.46,62,15.409999999999998,6,0,6,1,Regular Customers
14055,105,1,310.64,116,34.51555555555555,9,0,9,1,Regular Customers
14056,0,23,8152.71,4252,7.493299632352941,320,282,1088,2,Loyal Customers
14057,23,16,5825.0199999999995,4657,20.65609929078014,179,336,282,2,Loyal Customers
14059,266,1,183.6,128,22.95,8,0,8,1,Regular Customers
14060,4,19,5888.42,5266,29.295621890547263,86,368,201,2,Loyal Customers
14062,9,10,7188.85,4957,71.17673267326732,57,354,101,2,Loyal Customers
14064,28,5,1023.3,908,13.464473684210526,59,245,76,0,Low Engagement
14066,266,1,152.55,45,21.792857142857144,7,0,7,1,Regular Customers
14067,63,2,374.7,361,7.2057692307692305,51,32,52,0,Low Engagement
14068,319,1,265.85,73,11.077083333333334,22,0,24,1,Regular Customers
14071,3,8,1422.75,956,4.432242990654205,270,261,321,2,Loyal Customers
14073,31,1,151.04,130,11.618461538461538,13,0,13,1,Regular Customers
14075,4,3,942.26,754,21.913023255813954,33,256,43,0,Low Engagement
14076,128,1,118.67,79,2.6970454545454547,43,0,44,1,Regular Customers
14077,40,5,499.41999999999996,268,11.89095238095238,33,233,42,0,Low Engagement
14078,101,6,1049.37,310,16.144153846153845,46,271,65,0,Low Engagement
14079,124,1,375.1,301,31.258333333333336,12,0,12,1,Regular Customers
14080,32,1,45.599999999999994,48,11.399999999999999,4,0,4,1,Regular Customers
14081,301,2,921.62,592,6.1441333333333334,126,67,150,0,Low Engagement
14082,364,1,182.25,110,6.2844827586206895,28,0,29,1,Regular Customers
14083,3,9,1002.9,705,5.6661016949152545,162,367,177,2,Loyal Customers
14085,1,18,4421.29,3177,9.868950892857143,272,366,448,2,Loyal Customers
14087,2,1,191.47,250,2.8157352941176472,61,0,68,1,Regular Customers
14088,9,13,40514.79,11191,73.26363471971067,364,312,553,2,Loyal Customers
14089,56,1,158.75,133,12.211538461538462,13,0,13,1,Regular Customers
14090,324,1,76.32000000000001,72,76.32000000000001,1,0,1,3,VIP Customers
14092,7,14,4076.91,2066,19.050981308411213,117,350,214,2,Loyal Customers
14093,11,1,433.86,391,4.3386000000000005,95,0,100,0,Low Engagement
14096,3,17,52255.299999999996,16005,10.258205732234,1119,97,5094,2,Loyal Customers
14098,36,1,147.35,104,7.016666666666667,21,0,21,1,Regular Customers
14099,15,11,3104.17,2179,12.41668,167,338,250,2,Loyal Customers
14100,137,1,191.95000000000002,63,7.678000000000001,24,0,25,1,Regular Customers
14101,73,6,1846.03,2114,83.91045454545454,13,252,22,3,VIP Customers
14102,4,5,1105.8799999999999,769,19.066896551724135,35,39,58,0,Low Engagement
14104,154,2,216.20999999999998,72,10.295714285714284,21,11,21,1,Regular Customers
14105,238,1,1266.23,800,17.111216216216217,74,0,74,0,Low Engagement
14107,51,7,2703.23,1793,21.977479674796747,61,312,123,2,Loyal Customers
14108,30,2,597.91,381,17.585588235294118,33,70,34,0,Low Engagement
14109,72,1,144.2,88,16.022222222222222,9,0,9,1,Regular Customers
14110,36,10,4706.83,2157,30.965986842105263,94,230,152,2,Loyal Customers
14111,13,4,692.85,458,69.285,10,227,10,3,VIP Customers
14112,22,7,2915.15,1651,18.2196875,117,253,160,2,Loyal Customers
14113,3,4,922.4200000000001,529,29.755483870967744,26,351,31,0,Low Engagement
14114,273,2,386.53,101,25.768666666666665,15,56,15,1,Regular Customers
14116,19,5,1382.74,707,19.204722222222223,61,101,72,0,Low Engagement
14117,143,1,90.0,72,30.0,3,0,3,1,Regular Customers
14121,3,4,2780.15,2082,17.485220125786164,148,56,159,0,Low Engagement
14124,83,1,419.58000000000004,1618,83.91600000000001,4,0,5,3,VIP Customers
14125,10,3,2720.63,1628,16.38933734939759,159,67,166,0,Low Engagement
14126,7,3,400.85,220,28.63214285714286,13,2,14,1,Regular Customers
14127,122,3,709.71,321,16.129772727272726,39,187,44,0,Low Engagement
14128,60,2,637.5,564,13.858695652173912,40,195,46,0,Low Engagement
14129,1,5,1123.8600000000001,592,21.61269230769231,31,259,52,0,Low Engagement
14130,318,1,480.91,257,7.286515151515152,66,0,66,1,Regular Customers
14132,1,11,3586.0299999999997,3368,17.930149999999998,100,181,200,2,Loyal Customers
14133,129,3,605.64,348,21.63,25,186,28,0,Low Engagement
14135,1,15,4452.71,3802,33.47902255639098,95,371,133,2,Loyal Customers
14138,1,2,965.8800000000001,600,20.99739130434783,40,62,46,0,Low Engagement
14139,45,1,415.82,510,15.993076923076924,26,0,26,1,Regular Customers
14140,3,2,935.05,811,14.167424242424241,60,27,66,0,Low Engagement
14141,2,4,915.13,355,22.87825,27,102,40,0,Low Engagement
14142,372,1,311.81,313,14.173181818181819,22,0,22,1,Regular Customers
14143,133,1,115.8,30,16.54285714285714,7,0,7,1,Regular Customers
14146,8,5,4191.0,2437,19.957142857142856,183,348,210,2,Loyal Customers
14147,77,2,279.4,84,69.85,4,207,4,3,VIP Customers
14148,233,1,157.2,16,52.4,3,0,3,1,Regular Customers
14149,220,1,446.62,218,15.950714285714286,28,0,28,1,Regular Customers
14150,35,2,658.64,496,25.33230769230769,23,324,26,0,Low Engagement
14152,74,2,621.29,711,12.67938775510204,47,158,49,0,Low Engagement
14154,238,2,1345.62,465,25.87730769230769,52,0,52,1,Regular Customers
14155,265,1,118.75,25,19.791666666666668,6,0,6,1,Regular Customers
14156,9,53,52681.47,33705,42.45082191780822,677,361,1241,2,Loyal Customers
14157,19,2,424.89000000000004,271,9.236739130434783,45,265,46,0,Low Engagement
14158,39,1,507.66,781,12.381951219512196,41,0,41,0,Low Engagement
14159,19,11,4627.98,4345,3.9420613287904596,500,343,1174,2,Loyal Customers
14161,215,3,1097.6200000000001,450,10.554038461538463,87,153,104,0,Low Engagement
14162,173,2,289.36,142,11.5744,25,118,25,1,Regular Customers
14163,86,4,2148.91,833,42.13549019607843,36,151,51,0,Low Engagement
14164,80,1,1273.77,833,45.49178571428571,28,0,28,0,Low Engagement
14165,275,1,120.44,53,5.0183333333333335,23,0,24,1,Regular Customers
14167,38,4,562.59,147,11.251800000000001,27,291,50,0,Low Engagement
14171,97,1,363.79,167,6.272241379310345,57,0,58,1,Regular Customers
14173,10,4,450.84,150,15.546206896551723,28,208,29,0,Low Engagement
14174,32,1,134.46,94,5.171538461538462,26,0,26,1,Regular Customers
14175,59,3,3222.3,1515,21.626174496644296,139,269,149,2,Loyal Customers
14176,296,4,576.9000000000001,209,18.609677419354842,28,70,31,1,Regular Customers
14177,85,4,549.46,204,13.401463414634147,37,93,41,0,Low Engagement
14178,8,7,1580.26,1492,5.0008227848101265,190,173,316,2,Loyal Customers
14179,40,2,701.57,319,4.46859872611465,135,11,157,0,Low Engagement
14180,10,25,4748.52,719,19.785500000000003,112,361,240,2,Loyal Customers
14184,66,1,452.89,127,18.870416666666667,24,0,24,1,Regular Customers
14185,330,1,197.65,6,65.88333333333334,3,0,3,1,Regular Customers
14188,30,6,2054.36,1162,31.605538461538462,34,279,65,0,Low Engagement
14189,1,15,4654.08,3937,17.56256603773585,176,366,265,2,Loyal Customers
14191,1,13,4684.76,3662,18.08787644787645,145,218,259,2,Loyal Customers
14193,67,2,853.39,445,20.318809523809524,35,201,42,0,Low Engagement
14194,4,21,11349.52,5840,19.601934369602763,269,303,579,2,Loyal Customers
14195,201,2,375.20000000000005,80,75.04,5,50,5,3,VIP Customers
14196,106,1,335.52,142,55.919999999999995,6,0,6,1,Regular Customers
14198,17,4,701.4,290,17.984615384615385,35,221,39,0,Low Engagement
14199,217,1,185.39999999999998,28,92.69999999999999,2,0,2,3,VIP Customers
14201,59,7,747.44,590,20.20108108108108,32,299,37,0,Low Engagement
14204,1,1,150.61,72,3.861794871794872,36,0,39,1,Regular Customers
14205,16,2,466.7,204,19.445833333333333,23,247,24,0,Low Engagement
14206,238,1,328.15999999999997,276,16.407999999999998,20,0,20,1,Regular Customers
14208,94,1,151.74,114,15.174000000000001,10,0,10,1,Regular Customers
14209,10,6,2073.43,691,23.83252873563218,55,321,87,0,Low Engagement
14210,105,6,1905.8400000000001,760,18.684705882352944,66,265,102,0,Low Engagement
14211,52,9,2241.1,1242,20.009821428571428,87,241,112,2,Loyal Customers
14212,89,1,832.88,1104,104.11,8,0,8,3,VIP Customers
14214,30,5,1004.38,751,14.990746268656716,64,246,67,0,Low Engagement
14215,11,6,1789.72,1358,16.57148148148148,98,356,108,2,Loyal Customers
14216,2,4,1839.3,594,31.17457627118644,47,34,59,0,Low Engagement
14217,1,17,2004.98,689,20.0498,78,364,100,2,Loyal Customers
14218,42,1,169.48000000000002,160,14.123333333333335,12,0,12,1,Regular Customers
14219,3,1,89.94,78,12.848571428571429,7,0,7,1,Regular Customers
14220,246,2,632.4,272,30.114285714285714,21,110,21,1,Regular Customers
14221,41,9,3432.8,2191,17.78652849740933,123,296,193,2,Loyal Customers
14222,176,1,683.17,607,16.662682926829266,41,0,41,1,Regular Customers
14223,91,3,991.13,585,16.518833333333333,50,171,60,0,Low Engagement
14224,109,4,1009.73,483,8.93566371681416,105,209,113,0,Low Engagement
14226,28,5,1982.79,1136,30.504461538461538,63,240,65,0,Low Engagement
14227,25,10,3350.96,1820,19.148342857142858,117,258,175,2,Loyal Customers
14229,51,3,1547.2,610,38.68,29,281,40,0,Low Engagement
14231,183,3,925.71,409,18.514200000000002,47,104,50,0,Low Engagement
14232,42,5,2048.07,1941,17.80930434782609,81,221,115,0,Low Engagement
14233,48,4,1230.72,520,36.19764705882353,30,268,34,0,Low Engagement
14234,21,4,754.12,951,5.130068027210885,122,35,147,0,Low Engagement
14235,74,5,3144.86,1959,39.80835443037975,65,185,79,0,Low Engagement
14236,80,2,490.86,310,32.724000000000004,15,291,15,0,Low Engagement
14237,372,1,161.0,38,17.88888888888889,9,0,9,1,Regular Customers
14238,325,1,146.85,111,18.35625,8,0,8,1,Regular Customers
14239,42,11,2380.85,993,21.257589285714285,83,272,112,2,Loyal Customers
14240,29,2,890.34,418,21.19857142857143,37,195,42,0,Low Engagement
14241,183,1,213.70000000000002,146,21.37,10,0,10,1,Regular Customers
14242,234,2,280.55,123,17.534375,13,91,16,1,Regular Customers
14243,8,10,2588.77,1221,18.360070921985816,99,357,141,2,Loyal Customers
14245,219,2,1693.45,976,15.680092592592594,107,43,108,0,Low Engagement
14246,110,3,1474.06,804,19.654133333333334,57,135,75,0,Low Engagement
14247,277,1,136.76999999999998,47,6.838499999999999,19,0,20,1,Regular Customers
14248,317,1,98.58,78,14.082857142857142,7,0,7,1,Regular Customers
14250,6,3,1904.05,1200,17.153603603603603,94,82,111,0,Low Engagement
14251,1,5,2879.7000000000003,1674,36.91923076923077,37,55,78,0,Low Engagement
14256,259,2,969.0600000000001,414,18.284150943396227,51,104,53,0,Low Engagement
14257,63,5,2850.12,1442,27.144,88,254,105,2,Loyal Customers
14258,8,9,9690.0,5362,95.94059405940594,55,328,101,2,Loyal Customers
14259,141,1,120.0,68,24.0,5,0,5,1,Regular Customers
14261,50,2,1163.45,406,22.37403846153846,52,27,52,0,Low Engagement
14262,7,8,2618.23,1645,18.3093006993007,87,232,143,2,Loyal Customers
14264,154,2,333.97,70,19.64529411764706,15,90,17,1,Regular Customers
14265,108,2,530.18,330,17.10258064516129,31,39,31,1,Regular Customers
14267,162,3,1516.24,530,27.568,25,97,55,0,Low Engagement
14270,331,1,492.65000000000003,197,16.98793103448276,29,0,29,1,Regular Customers
14271,225,1,112.32,88,11.232,10,0,10,1,Regular Customers
14272,73,2,437.96,599,13.271515151515151,33,180,33,0,Low Engagement
14273,50,4,559.97,264,19.309310344827587,22,190,29,0,Low Engagement
14276,98,3,1119.74,744,17.4959375,52,191,64,0,Low Engagement
14277,14,3,4152.0,1974,18.787330316742082,194,197,221,2,Loyal Customers
14280,196,1,134.04,52,16.755,8,0,8,1,Regular Customers
14282,2,15,3701.44,2656,24.035324675324677,70,364,154,2,Loyal Customers
14284,30,2,595.25,161,18.6015625,24,55,32,0,Low Engagement
14285,20,4,1910.01,541,70.74111111111111,18,155,27,3,VIP Customers
14286,23,3,4628.75,4338,16.53125,220,219,280,2,Loyal Customers
14287,7,3,176.63,261,19.625555555555554,9,190,9,0,Low Engagement
14288,212,1,426.6,188,26.6625,16,0,16,1,Regular Customers
14289,8,6,911.26,292,19.388510638297873,33,280,47,0,Low Engagement
14290,10,5,2314.65,915,22.917326732673267,89,350,101,2,Loyal Customers
14291,1,11,3883.25,2749,16.385021097046412,145,273,237,2,Loyal Customers
14292,7,9,2733.53,1231,29.712282608695656,60,275,92,2,Loyal Customers
14293,2,4,1046.56,709,17.15672131147541,51,365,61,0,Low Engagement
14295,39,1,166.20000000000002,84,33.24,5,0,5,1,Regular Customers
14297,17,4,1305.33,865,21.053709677419352,48,257,62,0,Low Engagement
14298,7,42,49817.95,56970,30.507011635027556,883,352,1633,2,Loyal Customers
14299,7,9,3376.42,2093,23.946241134751773,94,357,141,2,Loyal Customers
14300,18,1,43.2,32,14.4,3,0,3,1,Regular Customers
14301,116,1,640.14,606,49.24153846153846,13,0,13,1,Regular Customers
14304,222,1,383.45,139,22.555882352941175,17,0,17,1,Regular Customers
14305,70,3,1858.96,1089,17.70438095238095,96,64,105,0,Low Engagement
14306,50,2,1841.32,955,57.54125,32,34,32,0,Low Engagement
14307,88,6,2995.72,2058,16.642888888888887,150,284,180,2,Loyal Customers
14309,7,9,2352.53,1633,20.10709401709402,74,350,117,2,Loyal Customers
14311,242,1,310.26,146,15.513,20,0,20,1,Regular Customers
14312,46,6,1611.59,1012,18.524022988505745,74,290,87,0,Low Engagement
14314,106,1,120.0,296,15.0,8,0,8,1,Regular Customers
14315,44,6,2481.13,1021,24.565643564356435,64,221,101,0,Low Engagement
14317,64,1,508.58000000000004,255,21.190833333333334,24,0,24,1,Regular Customers
14320,206,2,477.79,325,15.412580645161292,29,126,31,1,Regular Customers
14321,10,5,1530.75,2406,12.445121951219512,111,322,123,2,Loyal Customers
14323,114,2,605.0600000000001,350,16.807222222222222,32,123,36,0,Low Engagement
14326,241,1,183.85,103,22.98125,8,0,8,1,Regular Customers
14327,162,1,311.65,139,25.97083333333333,12,0,12,1,Regular Customers
14329,16,7,4975.24,3087,19.28387596899225,218,312,258,2,Loyal Customers
14331,123,2,462.65999999999997,252,16.523571428571426,27,10,28,1,Regular Customers
14332,22,3,840.21,463,33.6084,22,125,25,0,Low Engagement
14333,67,1,415.2,58,27.68,15,0,15,1,Regular Customers
14334,16,8,2552.21,1731,15.754382716049383,98,341,162,2,Loyal Customers
14335,15,2,454.86,375,7.581,55,80,60,0,Low Engagement
14336,16,4,1614.91,1759,17.943444444444445,77,259,90,0,Low Engagement
14338,160,2,588.22,335,18.97483870967742,30,35,31,1,Regular Customers
14339,242,1,309.52,168,22.108571428571427,14,0,14,1,Regular Customers
14340,218,1,134.7,58,22.45,6,0,6,1,Regular Customers
14341,44,8,2166.98,1397,16.92953125,109,273,128,2,Loyal Customers
14342,20,4,668.5600000000001,347,31.836190476190477,18,188,21,0,Low Engagement
14344,126,8,889.9300000000001,477,12.534225352112676,56,241,71,0,Low Engagement
14345,38,1,108.97999999999999,50,18.16333333333333,6,0,6,1,Regular Customers
14346,120,2,1021.58,605,17.026333333333334,55,176,60,0,Low Engagement
14348,259,1,409.57,183,22.753888888888888,18,0,18,1,Regular Customers
14349,9,1,133.5,86,4.306451612903226,31,0,31,1,Regular Customers
14350,273,1,282.93,183,15.718333333333334,18,0,18,1,Regular Customers
14351,164,1,51.0,12,51.0,1,0,1,1,Regular Customers
14352,156,4,1078.96,538,22.95659574468085,44,116,47,0,Low Engagement
14353,214,1,90.6,64,15.1,6,0,6,1,Regular Customers
14354,5,2,163.62,210,18.18,9,24,9,1,Regular Customers
14355,365,1,174.4,92,15.854545454545455,11,0,11,1,Regular Customers
14356,79,2,701.23,277,21.24939393939394,33,1,33,1,Regular Customers
14357,42,1,225.12,147,5.628,39,0,40,1,Regular Customers
14359,18,3,912.18,371,16.58509090909091,44,68,55,0,Low Engagement
14360,31,4,2118.03,1139,18.102820512820514,104,62,117,0,Low Engagement
14362,21,1,151.5,96,4.094594594594595,37,0,37,1,Regular Customers
14364,108,8,3509.85,1917,51.61544117647059,61,102,68,0,Low Engagement
14367,7,16,8809.02,4322,16.97306358381503,270,267,519,2,Loyal Customers
14368,319,1,155.0,36,19.375,8,0,8,1,Regular Customers
14371,294,1,100.5,34,25.125,4,0,4,1,Regular Customers
14373,357,1,76.55,17,19.1375,4,0,4,1,Regular Customers
14375,184,1,235.56,184,3.5690909090909093,57,0,66,1,Regular Customers
14377,190,2,617.05,219,56.095454545454544,11,70,11,3,VIP Customers
14379,43,2,348.1,292,7.567391304347827,39,251,46,0,Low Engagement
14381,51,1,202.68,146,3.619285714285714,56,0,56,1,Regular Customers
14382,25,1,615.49,1231,4.88484126984127,121,0,126,0,Low Engagement
14383,37,3,1247.69,817,21.14728813559322,49,125,59,0,Low Engagement
14385,8,3,202.11,159,14.436428571428573,13,14,14,1,Regular Customers
14386,296,1,142.4,54,20.342857142857145,7,0,7,1,Regular Customers
14387,32,3,1727.6,795,12.428776978417266,125,76,139,0,Low Engagement
14388,9,8,3212.84,1941,17.273333333333333,124,362,186,2,Loyal Customers
14389,64,2,1043.46,729,23.188000000000002,33,125,45,0,Low Engagement
14390,9,9,4642.57,2133,16.347077464788732,135,362,284,2,Loyal Customers
14393,217,1,67.95,13,13.59,5,0,5,1,Regular Customers
14395,1,9,3479.91,1689,9.999741379310345,181,369,348,2,Loyal Customers
14396,64,2,487.99,225,6.684794520547945,71,306,73,0,Low Engagement
14397,2,19,2612.96,1890,30.034022988505747,18,210,87,2,Loyal Customers
14400,148,1,574.7,454,22.988000000000003,25,0,25,1,Regular Customers
14401,3,13,4051.48,4507,22.26087912087912,113,355,182,2,Loyal Customers
14403,140,3,1027.01,407,57.05611111111111,17,105,18,3,VIP Customers
14404,33,6,1449.32,827,14.4932,70,335,100,0,Low Engagement
14406,118,1,156.75,77,19.59375,8,0,8,1,Regular Customers
14407,106,5,1727.73,1314,24.681857142857144,65,169,70,0,Low Engagement
14408,10,7,2599.03,1610,24.519150943396227,60,253,106,2,Loyal Customers
14409,70,6,1703.0500000000002,1158,32.133018867924534,39,297,53,0,Low Engagement
14410,91,9,1099.27,565,5.84718085106383,152,213,188,2,Loyal Customers
14411,310,1,1063.0,196,75.92857142857143,14,0,14,3,VIP Customers
14412,42,2,770.03,786,17.90767441860465,43,30,43,0,Low Engagement
14413,361,1,121.05,67,5.502272727272727,22,0,22,1,Regular Customers
14414,91,7,1496.98,2512,15.432783505154639,79,267,97,2,Loyal Customers
14415,0,13,5855.57,2996,10.113246977547496,283,359,579,2,Loyal Customers
14416,21,2,275.42,206,21.186153846153847,13,20,13,1,Regular Customers
14418,3,3,1937.25,1711,15.622983870967742,114,104,124,0,Low Engagement
14419,10,6,1051.79,483,5.206881188118811,112,354,202,2,Loyal Customers
14420,98,1,387.52,334,13.362758620689654,29,0,29,1,Regular Customers
14421,56,2,813.11,365,30.115185185185187,25,154,27,0,Low Engagement
14422,0,6,4263.64,2906,19.205585585585588,189,266,222,2,Loyal Customers
14423,217,1,265.2,120,88.39999999999999,3,0,3,3,VIP Customers
14426,23,10,4229.67,2579,18.96713004484305,183,289,223,2,Loyal Customers
14427,49,2,363.34000000000003,228,21.37294117647059,16,13,17,1,Regular Customers
14428,6,5,1224.06,428,8.934744525547444,108,317,137,0,Low Engagement
14431,302,1,470.36,130,27.668235294117647,17,0,17,1,Regular Customers
14432,9,6,2248.5,2013,5.964190981432361,256,79,377,2,Loyal Customers
14434,21,6,1372.8,368,114.39999999999999,3,50,12,3,VIP Customers
14436,98,1,89.06,129,9.895555555555555,9,0,9,1,Regular Customers
14437,365,1,63.0,60,12.6,5,0,5,1,Regular Customers
14438,305,1,131.9,82,14.655555555555557,9,0,9,1,Regular Customers
14439,319,1,2661.24,526,83.16375,32,0,32,3,VIP Customers
14440,7,5,2357.6800000000003,588,42.8669090909091,33,357,55,0,Low Engagement
14441,0,4,1712.89,446,33.58607843137255,43,254,51,0,Low Engagement
14442,204,2,1589.82,482,25.235238095238095,58,112,63,0,Low Engagement
14443,53,4,1420.2,938,15.270967741935484,84,314,93,0,Low Engagement
14446,0,4,1005.55,856,3.643297101449275,232,245,276,2,Loyal Customers
14447,18,5,1163.23,571,16.617571428571427,54,261,70,0,Low Engagement
14448,8,2,137.75,56,7.25,19,354,19,0,Low Engagement
14449,18,4,885.8,741,3.5431999999999997,201,353,250,2,Loyal Customers
14450,180,3,483.25,241,12.08125,32,139,40,0,Low Engagement
14451,59,2,643.9,378,6.132380952380952,86,134,105,0,Low Engagement
14452,10,2,259.05,116,4.3175,55,83,60,0,Low Engagement
14453,189,1,119.93,49,5.451363636363637,22,0,22,1,Regular Customers
14456,4,9,3014.32,2848,3.189756613756614,579,137,945,2,Loyal Customers
14457,310,1,113.64,88,28.41,4,0,4,1,Regular Customers
14459,154,1,1837.92,760,49.67351351351351,37,0,37,0,Low Engagement
14460,109,3,434.34,881,27.14625,14,200,16,0,Low Engagement
14461,147,3,2102.67,765,11.746759776536313,172,113,179,0,Low Engagement
14462,65,11,1975.57,954,8.515387931034482,149,273,232,2,Loyal Customers
14463,97,3,529.62,179,88.27,6,107,6,3,VIP Customers
14465,246,3,1038.44,398,8.44260162601626,107,56,123,0,Low Engagement
14466,28,7,2272.4,1006,31.561111111111114,35,343,72,0,Low Engagement
14467,17,4,596.26,276,6.699550561797753,67,295,89,0,Low Engagement
14470,11,2,461.19,193,10.725348837209303,43,275,43,0,Low Engagement
14472,103,8,1852.67,1135,6.991207547169812,153,251,265,2,Loyal Customers
14473,73,2,234.34000000000003,88,33.47714285714286,7,208,7,1,Regular Customers
14474,45,1,547.66,140,18.884827586206896,29,0,29,1,Regular Customers
14475,71,3,925.85,447,22.04404761904762,35,233,42,0,Low Engagement
14476,256,1,193.0,110,11.352941176470589,17,0,17,1,Regular Customers
14477,19,4,1309.6,720,130.95999999999998,7,277,10,3,VIP Customers
14479,253,2,316.25,117,17.569444444444443,18,111,18,1,Regular Customers
14480,10,1,279.05,143,21.465384615384615,13,0,13,1,Regular Customers
14481,164,2,636.51,489,21.217,25,122,30,0,Low Engagement
14482,17,6,2022.81,1627,14.765036496350364,110,220,137,2,Loyal Customers
14483,281,1,137.1,97,15.233333333333333,9,0,9,1,Regular Customers
14484,49,1,321.92,210,22.994285714285716,14,0,14,1,Regular Customers
14485,38,1,162.8,70,3.539130434782609,44,0,46,1,Regular Customers
14487,26,6,1165.48,712,8.324857142857143,112,341,140,2,Loyal Customers
14488,67,1,1064.28,799,23.136521739130433,46,0,46,0,Low Engagement
14489,206,1,463.38,299,15.446,30,0,30,1,Regular Customers
14491,174,2,340.93,139,20.05470588235294,17,197,17,1,Regular Customers
14493,6,5,2383.2400000000002,1285,19.860333333333337,95,147,120,0,Low Engagement
14494,25,1,139.56,92,19.937142857142856,7,0,7,1,Regular Customers
14495,50,2,123.8,62,20.633333333333333,6,70,6,1,Regular Customers
14496,311,2,538.8100000000001,159,28.35842105263158,16,61,19,1,Regular Customers
14497,308,1,475.37,235,16.392068965517243,29,0,29,1,Regular Customers
14498,42,5,1957.32,1098,10.141554404145078,162,319,193,2,Loyal Customers
14499,25,3,808.44,496,4.254947368421053,146,252,190,0,Low Engagement
14500,87,3,356.85,117,50.978571428571435,6,101,7,1,Regular Customers
14501,183,2,251.21,161,25.121000000000002,9,136,10,1,Regular Customers
14502,19,11,2426.79,1464,3.998006589785832,367,293,607,2,Loyal Customers
14503,2,6,3543.26,2004,21.605243902439025,113,175,164,2,Loyal Customers
14504,46,4,673.26,308,6.2921495327102805,85,231,107,0,Low Engagement
14505,16,8,5859.43,2739,7.464242038216561,540,344,785,2,Loyal Customers
14506,16,5,1960.65,704,6.6462711864406785,204,351,295,2,Loyal Customers
14507,39,5,1130.28,546,12.024255319148937,79,235,94,0,Low Engagement
14508,21,2,268.05,129,4.873636363636364,52,67,55,0,Low Engagement
14511,10,5,1314.81,784,19.33544117647059,53,122,68,0,Low Engagement
14512,187,2,275.28,122,11.968695652173912,19,44,23,1,Regular Customers
14513,100,3,455.59000000000003,361,37.965833333333336,11,188,12,0,Low Engagement
14514,60,3,990.2,564,14.35072463768116,65,270,69,0,Low Engagement
14515,17,6,2076.89,1110,21.192755102040817,68,200,98,0,Low Engagement
14517,32,2,330.45,91,18.358333333333334,17,108,18,1,Regular Customers
14518,63,1,174.37,278,10.898125,16,0,16,1,Regular Customers
14520,1,2,270.6,146,67.65,3,289,4,3,VIP Customers
14522,23,4,974.54,525,57.32588235294117,15,173,17,0,Low Engagement
14523,107,1,241.09,251,20.090833333333332,12,0,12,1,Regular Customers
14524,31,9,1843.83,669,9.359543147208122,161,329,197,2,Loyal Customers
14525,19,9,3971.1,2541,14.132028469750889,217,341,281,2,Loyal Customers
14527,2,55,8506.13,2086,8.76920618556701,329,366,970,2,Loyal Customers
14528,36,1,364.21999999999997,278,20.234444444444442,18,0,18,1,Regular Customers
14529,59,3,578.61,325,2.7164788732394367,177,50,213,0,Low Engagement
14530,25,6,2862.11,1395,13.437136150234743,140,270,213,2,Loyal Customers
14532,235,4,932.85,284,14.57578125,45,115,64,0,Low Engagement
14533,24,7,1949.72,4019,31.44709677419355,53,328,62,2,Loyal Customers
14534,2,18,4395.65,2026,8.669921104536488,330,315,507,2,Loyal Customers
14535,59,3,2854.84,1824,8.70378048780488,280,188,328,2,Loyal Customers
14536,259,1,170.95,39,9.497222222222222,18,0,18,1,Regular Customers
14537,57,1,355.56,120,35.556,10,0,10,1,Regular Customers
14538,64,2,388.25,155,20.43421052631579,19,191,19,0,Low Engagement
14539,15,2,537.48,428,16.79625,31,28,32,0,Low Engagement
14540,9,3,952.66,411,13.417746478873239,64,299,71,0,Low Engagement
14541,58,8,1453.35,641,13.84142857142857,71,260,105,0,Low Engagement
14542,185,1,103.25,19,20.65,5,0,5,1,Regular Customers
14543,28,16,2589.68,519,40.46375,39,336,64,2,Loyal Customers
14544,23,2,2004.3,1536,18.056756756756755,97,337,111,0,Low Engagement
14546,4,5,2573.93,1313,6.48345088161209,250,243,397,2,Loyal Customers
14547,3,8,3974.75,2639,11.196478873239437,198,50,355,2,Loyal Customers
14548,150,2,163.2,64,81.6,1,167,2,3,VIP Customers
14549,310,1,289.24,136,5.165,56,0,56,1,Regular Customers
14550,10,2,757.37,389,16.114255319148935,38,33,47,0,Low Engagement
14551,17,2,186.23,106,18.622999999999998,9,185,10,1,Regular Customers
14552,151,1,164.22,90,2.8810526315789473,57,0,57,1,Regular Customers
14553,18,5,859.27,493,7.604159292035398,103,319,113,0,Low Engagement
14554,9,4,2279.4900000000002,1443,11.229014778325125,147,42,203,0,Low Engagement
14555,56,2,312.54,122,16.449473684210528,18,244,19,0,Low Engagement
14557,84,1,788.38,510,49.27375,16,0,16,1,Regular Customers
14560,6,22,2237.77,1260,30.240135135135134,39,350,74,2,Loyal Customers
14561,75,3,1080.76,1014,15.6631884057971,67,108,69,0,Low Engagement
14562,3,18,5006.77,1815,11.949331742243437,187,300,419,2,Loyal Customers
14565,95,4,3099.12,1540,24.40251968503937,111,265,127,2,Loyal Customers
14567,56,2,1530.3600000000001,412,46.374545454545455,33,73,33,0,Low Engagement
14569,0,1,227.39,79,18.949166666666667,10,0,12,1,Regular Customers
14570,280,2,217.21,94,7.7575,28,0,28,1,Regular Customers
14572,2,7,2804.54,1420,10.704351145038167,190,320,262,2,Loyal Customers
14573,179,9,1639.82,534,7.223876651982379,127,192,227,2,Loyal Customers
14576,371,1,35.400000000000006,12,35.400000000000006,1,0,1,1,Regular Customers
14577,12,4,859.71,353,6.989512195121952,86,350,123,0,Low Engagement
14578,2,1,168.63,240,7.02625,24,0,24,1,Regular Customers
14581,16,1,138.6,217,8.152941176470588,16,0,17,1,Regular Customers
14582,40,1,114.11,73,19.018333333333334,6,0,6,1,Regular Customers
14583,5,5,986.96,751,3.2680794701986757,243,200,302,2,Loyal Customers
14584,168,4,1033.06,381,10.54142857142857,68,29,98,0,Low Engagement
14585,49,1,157.05,91,5.415517241379311,29,0,29,1,Regular Customers
14586,276,1,237.36,444,12.49263157894737,19,0,19,1,Regular Customers
14587,18,9,1580.29,749,4.259541778975741,170,312,371,2,Loyal Customers
14589,371,1,39.75,5,13.25,3,0,3,1,Regular Customers
14591,14,4,1320.21,1228,7.501193181818182,138,197,176,0,Low Engagement
14592,34,3,557.94,407,3.5312658227848104,132,28,158,0,Low Engagement
14593,21,3,617.15,330,4.087086092715231,127,177,151,0,Low Engagement
14594,6,2,363.33,183,6.987115384615384,48,365,52,0,Low Engagement
14595,19,6,1740.6,978,17.06470588235294,94,293,102,2,Loyal Customers
14597,10,2,866.24,566,18.430638297872342,45,180,47,0,Low Engagement
14598,43,1,221.97,189,4.4394,49,0,50,1,Regular Customers
14600,305,1,393.33000000000004,125,15.733200000000002,25,0,25,1,Regular Customers
14601,10,1,213.96,168,30.565714285714286,7,0,7,1,Regular Customers
14603,274,1,150.0,200,150.0,1,0,1,3,VIP Customers
14606,0,91,11941.15,6178,4.463981308411215,817,372,2675,2,Loyal Customers
14607,15,10,7530.3,6394,117.6609375,30,245,64,3,VIP Customers
14608,3,3,1377.15,341,76.50833333333334,8,81,18,3,VIP Customers
14609,71,4,601.56,7026,150.39,2,224,4,3,VIP Customers
14616,242,2,168.48000000000002,56,84.24000000000001,2,41,2,3,VIP Customers
14618,8,3,553.44,264,34.59,10,328,16,0,Low Engagement
14619,245,1,394.44,152,19.722,20,0,20,1,Regular Customers
14620,205,2,412.78000000000003,214,15.876153846153848,26,78,26,1,Regular Customers
14621,0,5,1788.3600000000001,993,19.438695652173916,80,357,92,2,Loyal Customers
14622,184,1,320.58000000000004,146,15.265714285714287,21,0,21,1,Regular Customers
14623,31,5,882.02,406,6.681969696969697,107,203,132,0,Low Engagement
14624,56,2,225.85,162,17.373076923076923,13,1,13,1,Regular Customers
14625,195,2,899.63,335,16.974150943396225,51,164,53,0,Low Engagement
14626,23,4,2791.27,1403,22.87926229508197,108,209,122,0,Low Engagement
14628,90,2,671.96,272,27.998333333333335,22,151,24,0,Low Engagement
14629,3,2,955.26,378,6.3684,133,43,150,0,Low Engagement
14631,50,3,1006.98,622,24.56048780487805,38,248,41,0,Low Engagement
14632,262,1,114.56,96,14.32,8,0,8,1,Regular Customers
14633,265,1,344.90000000000003,96,17.245,20,0,20,1,Regular Customers
14636,35,2,609.85,241,21.780357142857145,27,232,28,0,Low Engagement
14638,50,1,443.6,166,27.725,16,0,16,1,Regular Customers
14639,51,6,2984.49,1431,17.351686046511627,138,309,172,2,Loyal Customers
14640,23,6,2107.38,880,20.070285714285717,87,203,105,0,Low Engagement
14641,21,1,110.46,90,15.78,7,0,7,1,Regular Customers
14642,58,1,96.12,76,48.06,2,0,2,1,Regular Customers
14643,169,2,693.8100000000001,815,22.380967741935486,30,187,31,0,Low Engagement
14644,67,2,830.76,258,31.95230769230769,26,230,26,0,Low Engagement
14645,156,2,597.09,381,19.903000000000002,28,118,30,0,Low Engagement
14646,1,63,148033.28,123040,88.58963494913226,631,352,1671,2,Loyal Customers
14647,200,1,236.04000000000002,91,8.430000000000001,24,0,28,1,Regular Customers
14649,4,4,1402.59,1004,7.5408064516129025,148,207,186,0,Low Engagement
14651,66,2,653.75,343,6.4727722772277225,95,143,101,0,Low Engagement
14652,76,1,114.18,53,3.937241379310345,29,0,29,1,Regular Customers
14653,0,7,1916.7,944,8.22618025751073,153,337,233,2,Loyal Customers
14655,7,4,1932.23,1089,39.43326530612245,35,214,49,0,Low Engagement
14656,168,2,291.05,120,3.638125,73,114,80,1,Regular Customers
14657,17,4,848.22,466,6.7319047619047625,103,308,126,0,Low Engagement
14658,4,2,247.15,47,8.522413793103448,27,111,29,1,Regular Customers
14659,8,9,2529.93,1195,9.999723320158102,147,306,253,2,Loyal Customers
14660,86,2,285.74,228,9.524666666666667,24,14,30,1,Regular Customers
14661,26,1,107.95,35,26.9875,4,0,4,1,Regular Customers
14662,28,4,741.37,578,4.722101910828026,143,287,157,0,Low Engagement
14664,19,2,636.24,465,6.492244897959184,78,13,98,0,Low Engagement
14665,60,5,1835.7,740,20.39666666666667,63,250,90,0,Low Engagement
14666,23,1,179.95,155,13.842307692307692,13,0,13,1,Regular Customers
14667,10,25,9170.79,5318,16.202809187279154,353,357,566,2,Loyal Customers
14669,241,3,1259.24,770,7.58578313253012,158,90,166,0,Low Engagement
14670,279,2,392.86,326,3.1939837398373987,107,0,123,1,Regular Customers
14672,234,2,765.55,454,12.549999999999999,58,101,61,0,Low Engagement
14673,2,5,1736.4,1004,23.464864864864865,39,364,74,0,Low Engagement
14675,15,1,596.36,336,6.148041237113402,93,0,97,0,Low Engagement
14676,30,6,2548.2400000000002,2500,60.672380952380955,29,251,42,0,Low Engagement
14680,24,16,18445.43,10616,81.61694690265487,71,346,226,2,Loyal Customers
14681,70,3,158.95,36,26.491666666666664,5,140,6,1,Regular Customers
14682,187,2,52.0,80,26.0,1,13,2,1,Regular Customers
14684,25,5,1201.51,821,3.080794871794872,231,336,390,2,Loyal Customers
14687,106,1,628.38,470,41.892,15,0,15,1,Regular Customers
14688,7,21,5579.1,3584,17.219444444444445,148,366,324,2,Loyal Customers
14689,208,1,112.8,76,8.676923076923076,13,0,13,1,Regular Customers
14690,43,2,355.05,167,7.3968750000000005,40,107,48,0,Low Engagement
14691,30,5,2114.33,707,29.779295774647885,50,182,71,0,Low Engagement
14692,136,4,591.55,265,8.699264705882353,53,185,68,0,Low Engagement
14693,264,1,172.9,34,21.6125,8,0,8,1,Regular Customers
14696,3,7,2078.95,1630,15.991923076923076,117,368,130,2,Loyal Customers
14697,217,2,188.60999999999999,181,8.573181818181817,22,0,22,1,Regular Customers
14698,1,5,1217.27,602,6.0863499999999995,148,49,200,0,Low Engagement
14699,213,1,109.13000000000001,77,13.641250000000001,8,0,8,1,Regular Customers
14700,31,3,2195.1,1314,19.599107142857143,80,206,112,0,Low Engagement
14701,10,9,2202.54,912,6.7562576687116565,268,305,326,2,Loyal Customers
14702,0,17,3251.79,1439,9.508157894736842,196,364,342,2,Loyal Customers
14703,14,1,318.17,183,14.462272727272728,22,0,22,1,Regular Customers
14704,10,9,1491.6200000000001,1037,3.80515306122449,287,168,392,2,Loyal Customers
14705,198,1,179.0,100,179.0,1,0,1,3,VIP Customers
14708,2,3,1126.37,621,40.2275,25,365,28,0,Low Engagement
14709,14,13,4921.04,2484,25.10734693877551,71,343,196,2,Loyal Customers
14710,13,4,599.48,375,4.4079411764705885,124,45,136,0,Low Engagement
14711,9,11,2839.62,966,8.230782608695652,221,252,345,2,Loyal Customers
14712,28,3,917.07,315,36.6828,21,82,25,0,Low Engagement
14713,8,11,2662.2,1613,7.876331360946745,146,355,338,2,Loyal Customers
14714,23,1,160.19,229,16.019,10,0,10,1,Regular Customers
14715,24,4,867.38,521,12.21661971830986,60,306,71,0,Low Engagement
14716,42,2,307.51,495,6.029607843137255,46,105,51,0,Low Engagement
14719,1,5,1581.84,1025,6.731234042553191,177,247,235,2,Loyal Customers
14720,5,3,663.81,219,17.94081081081081,34,120,37,0,Low Engagement
14722,146,1,180.42000000000002,118,6.443571428571429,28,0,28,1,Regular Customers
14723,9,6,1120.66,671,4.343643410852714,192,361,258,2,Loyal Customers
14725,24,1,655.58,588,13.948510638297874,45,0,47,0,Low Engagement
14727,273,1,268.58,62,26.857999999999997,10,0,10,1,Regular Customers
14729,373,1,313.49,197,4.415352112676056,69,0,71,1,Regular Customers
14730,0,8,1897.57,1078,4.107294372294372,317,275,462,2,Loyal Customers
14731,46,3,380.02,256,8.444888888888888,38,165,45,0,Low Engagement
14732,7,8,2702.4900000000002,1405,18.384285714285717,105,330,147,2,Loyal Customers
14733,15,12,9381.91,3684,46.67616915422885,102,351,201,2,Loyal Customers
14735,3,31,6050.69,2263,31.350725388601035,98,354,193,2,Loyal Customers
14737,3,3,1164.55,345,68.50294117647059,15,349,17,0,Low Engagement
14738,42,7,1314.45,601,24.34166666666667,39,273,54,0,Low Engagement
14739,3,7,3902.28,3820,65.038,47,363,60,2,Loyal Customers
14740,196,3,1448.21,735,16.272022471910113,85,86,89,0,Low Engagement
14741,11,6,1400.34,841,23.73457627118644,35,361,59,0,Low Engagement
14744,15,7,1099.98,627,42.30692307692308,21,350,26,0,Low Engagement
14745,112,5,1220.26,1038,17.684927536231886,46,172,69,0,Low Engagement
14747,248,1,328.2,84,18.233333333333334,18,0,18,1,Regular Customers
14748,28,5,1415.75,1223,15.907303370786517,87,339,89,0,Low Engagement
14752,43,1,180.84,116,45.21,4,0,4,1,Regular Customers
14753,86,1,563.15,211,18.771666666666665,30,0,30,1,Regular Customers
14754,44,2,638.05,486,15.562195121951218,38,250,41,0,Low Engagement
14755,9,11,5010.28,2219,21.320340425531914,128,324,235,2,Loyal Customers
14756,14,1,738.96,416,19.446315789473687,38,0,38,0,Low Engagement
14757,74,1,420.5,160,22.13157894736842,19,0,19,1,Regular Customers
14758,144,4,1484.06,419,20.90225352112676,54,114,71,0,Low Engagement
14759,4,3,1625.97,569,15.940882352941177,92,228,102,0,Low Engagement
14760,296,1,89.2,40,17.84,5,0,5,1,Regular Customers
14761,58,2,255.9,118,23.263636363636365,11,276,11,0,Low Engagement
14762,263,1,300.52,341,14.310476190476189,21,0,21,1,Regular Customers
14764,46,1,278.3,190,46.38333333333333,6,0,6,1,Regular Customers
14765,28,3,254.11,135,6.515641025641026,38,147,39,0,Low Engagement
14766,7,6,2473.37,1349,18.321259259259257,111,358,135,2,Loyal Customers
14768,16,2,192.60000000000002,52,38.52,4,109,5,1,Regular Customers
14769,2,8,10415.33,7238,9.816522148916118,717,354,1061,2,Loyal Customers
14770,231,2,876.42,490,16.854230769230767,49,90,52,0,Low Engagement
14772,111,1,139.26,82,15.473333333333333,9,0,9,1,Regular Customers
14775,57,3,1011.9,1174,16.865,57,313,60,0,Low Engagement
14776,50,11,2538.3,3134,21.694871794871798,44,261,117,2,Loyal Customers
14778,126,2,730.86,306,20.881714285714285,34,181,35,0,Low Engagement
14779,280,3,386.15,84,9.418292682926829,40,43,41,1,Regular Customers
14780,54,2,447.68,310,16.58074074074074,26,24,27,1,Regular Customers
14782,319,1,200.10000000000002,114,33.35,6,0,6,1,Regular Customers
14784,25,2,289.99,237,19.332666666666668,15,297,15,0,Low Engagement
14785,9,2,77.4,84,25.8,2,4,3,1,Regular Customers
14788,6,2,679.4399999999999,421,22.648,26,19,30,0,Low Engagement
14789,28,1,197.64,116,32.94,6,0,6,1,Regular Customers
14790,16,4,745.06,699,16.19695652173913,30,236,46,0,Low Engagement
14792,63,1,6.2,2,3.1,2,0,2,1,Regular Customers
14793,20,1,228.99,91,16.356428571428573,14,0,14,1,Regular Customers
14794,2,7,1319.91,673,16.498875,68,331,80,0,Low Engagement
14795,165,1,131.45000000000002,17,21.908333333333335,6,0,6,1,Regular Customers
14796,0,17,7973.93,5991,7.050335985853227,402,365,1131,2,Loyal Customers
14798,52,3,173.74,150,14.478333333333333,11,257,12,0,Low Engagement
14799,50,1,157.7,146,12.13076923076923,13,0,13,1,Regular Customers
14800,47,12,4331.79,3644,11.310156657963446,246,322,383,2,Loyal Customers
14801,60,1,189.34,173,3.3217543859649123,56,0,57,1,Regular Customers
14803,161,3,845.55,370,19.217045454545453,35,130,44,0,Low Engagement
14804,8,1,353.27,121,29.439166666666665,12,0,12,1,Regular Customers
14805,14,4,546.4,114,11.878260869565217,30,298,46,0,Low Engagement
14806,74,1,193.39000000000001,330,17.580909090909092,11,0,11,1,Regular Customers
14808,39,8,2718.6,2120,11.768831168831168,176,132,231,2,Loyal Customers
14810,40,11,2085.33,1015,8.209960629921259,106,328,254,2,Loyal Customers
14813,369,2,152.88,66,5.2717241379310344,25,0,29,1,Regular Customers
14815,36,2,778.5,744,14.68867924528302,53,31,53,0,Low Engagement
14816,196,1,271.85,5,67.9625,4,0,4,3,VIP Customers
14817,199,2,1110.34,655,17.624444444444443,52,76,63,0,Low Engagement
14818,73,3,657.8,324,13.704166666666666,41,179,48,0,Low Engagement
14819,63,2,272.07,109,20.928461538461537,13,127,13,1,Regular Customers
14820,20,4,507.29,253,17.492758620689656,24,152,29,0,Low Engagement
14821,366,1,48.800000000000004,20,24.400000000000002,2,0,2,1,Regular Customers
14823,179,3,321.43,88,4.591857142857143,56,14,70,1,Regular Customers
14824,9,4,1127.71,525,38.88655172413793,19,81,29,0,Low Engagement
14825,3,12,2221.01,989,18.50841666666667,82,364,120,2,Loyal Customers
14828,196,3,1262.66,1474,90.19000000000001,14,140,14,3,VIP Customers
14829,28,4,697.55,452,16.60833333333333,39,343,42,0,Low Engagement
14830,52,1,188.03,163,4.948157894736842,38,0,38,1,Regular Customers
14834,17,6,1720.3,734,25.676119402985073,43,222,67,0,Low Engagement
14836,9,3,102.44999999999999,45,17.075,5,20,6,1,Regular Customers
14837,89,4,1649.5,1436,15.273148148148149,96,111,108,0,Low Engagement
14840,267,1,62.85,31,15.7125,4,0,4,1,Regular Customers
14841,52,6,3295.76,1778,23.88231884057971,103,305,138,2,Loyal Customers
14842,43,4,2529.69,1165,17.567291666666666,127,264,144,2,Loyal Customers
14844,63,4,2831.81,1633,21.95201550387597,87,177,129,0,Low Engagement
14847,148,1,309.4,120,23.799999999999997,13,0,13,1,Regular Customers
14849,21,25,7930.54,5694,20.439536082474227,159,351,388,2,Loyal Customers
14850,311,1,325.75,293,15.511904761904763,21,0,21,1,Regular Customers
14851,22,2,511.35,325,18.2625,28,232,28,0,Low Engagement
14852,57,6,2836.69,1747,19.83699300699301,96,193,143,2,Loyal Customers
14853,23,2,475.8,82,52.86666666666667,8,187,9,1,Regular Customers
14854,77,7,2740.03,1820,21.746269841269843,110,196,126,2,Loyal Customers
14855,118,2,645.65,267,32.2825,13,15,20,1,Regular Customers
14856,35,3,1290.53,711,19.854307692307692,65,20,65,0,Low Engagement
14857,59,2,1173.12,464,19.552,58,88,60,0,Low Engagement
14859,12,4,1353.74,671,23.340344827586208,47,191,58,0,Low Engagement
14860,18,1,170.32,232,15.483636363636363,11,0,11,1,Regular Customers
14861,51,1,125.79,117,20.965,6,0,6,1,Regular Customers
14862,25,2,841.1999999999999,772,17.525,47,122,48,0,Low Engagement
14863,28,1,266.76,132,24.25090909090909,11,0,11,1,Regular Customers
14865,6,2,52.2,108,13.05,4,364,4,1,Regular Customers
14866,10,10,5234.88,3187,75.86782608695653,28,355,69,2,Loyal Customers
14867,185,3,710.28,328,19.73,31,150,36,0,Low Engagement
14868,2,8,2953.59,1405,20.511041666666667,96,230,144,2,Loyal Customers
14869,8,2,721.45,549,10.306428571428572,66,94,70,0,Low Engagement
14870,261,1,327.25,119,25.173076923076923,13,0,13,1,Regular Customers
14871,2,4,501.28000000000003,179,5.390107526881721,68,357,93,0,Low Engagement
14873,209,1,519.68,168,18.56,28,0,28,1,Regular Customers
14875,107,2,1227.72,510,26.689565217391305,45,155,46,0,Low Engagement
14878,12,9,1476.09,799,12.099098360655738,62,345,122,2,Loyal Customers
14880,76,3,690.59,365,15.012826086956522,45,211,46,0,Low Engagement
14881,19,1,255.4,316,15.023529411764706,17,0,17,1,Regular Customers
14882,26,2,589.7,158,53.60909090909092,6,7,11,1,Regular Customers
14883,18,6,761.59,790,14.369622641509434,39,193,53,0,Low Engagement
14885,131,1,765.3199999999999,724,51.02133333333333,15,0,15,1,Regular Customers
14886,252,1,364.8,160,20.266666666666666,18,0,18,1,Regular Customers
14887,78,1,72.0,100,72.0,1,0,1,3,VIP Customers
14888,206,1,369.2,184,18.46,20,0,20,1,Regular Customers
14889,335,1,135.9,90,13.59,10,0,10,1,Regular Customers
14890,253,1,125.65,51,17.95,7,0,7,1,Regular Customers
14891,147,2,554.38,505,16.79939393939394,30,39,33,1,Regular Customers
14893,9,2,1237.8500000000001,799,16.956849315068496,72,2,73,0,Low Engagement
14894,84,1,655.75,265,28.51086956521739,23,0,23,1,Regular Customers
14895,7,20,11138.710000000001,4851,22.366887550200804,273,282,498,2,Loyal Customers
14896,204,2,468.77000000000004,279,10.901627906976746,43,160,43,1,Regular Customers
14897,7,4,1366.38,468,24.84327272727273,43,289,55,0,Low Engagement
14898,22,6,1269.31,1001,11.645045871559633,86,347,109,2,Loyal Customers
14901,10,9,1421.29,661,14.805104166666666,73,361,96,2,Loyal Customers
14902,25,1,332.66,218,16.633000000000003,20,0,20,1,Regular Customers
14903,20,5,2795.33,1531,7.986657142857142,227,257,350,2,Loyal Customers
14904,1,2,1025.44,1985,14.86144927536232,66,23,69,0,Low Engagement
14905,157,2,616.15,287,36.24411764705882,14,76,17,1,Regular Customers
14907,2,7,3501.1,1691,21.21878787878788,125,364,165,2,Loyal Customers
14908,73,1,277.8,132,30.866666666666667,9,0,9,1,Regular Customers
14910,2,4,434.35,238,14.478333333333333,25,51,30,0,Low Engagement
14911,0,199,129954.15,75914,23.05786905606813,1786,372,5636,2,Loyal Customers
14912,16,2,867.85,971,32.14259259259259,21,229,27,0,Low Engagement
14913,35,4,1227.43,1743,14.108390804597702,76,323,87,0,Low Engagement
14915,90,2,307.48,112,25.623333333333335,12,186,12,1,Regular Customers
14916,70,4,1268.98,1136,16.48025974025974,72,253,77,0,Low Engagement
14918,115,2,1610.15,675,35.781111111111116,39,38,45,0,Low Engagement
14920,212,2,977.77,509,17.153859649122808,57,0,57,1,Regular Customers
14921,29,2,1316.07,953,16.872692307692308,78,171,78,0,Low Engagement
14923,50,1,749.1,418,17.025000000000002,44,0,44,0,Low Engagement
14924,245,1,310.05,64,31.005000000000003,10,0,10,1,Regular Customers
14929,31,1,223.88,136,20.35272727272727,11,0,11,1,Regular Customers
14930,108,3,2362.96,1160,18.605984251968504,116,165,127,0,Low Engagement
14931,4,4,964.6800000000001,416,24.117,29,236,40,0,Low Engagement
14932,365,1,363.53,80,21.384117647058822,17,0,17,1,Regular Customers
14934,81,2,1890.94,1042,21.734942528735633,68,200,87,0,Low Engagement
14935,296,1,1112.16,432,139.02,8,0,8,3,VIP Customers
14936,33,8,7874.22,4061,21.69206611570248,210,241,363,2,Loyal Customers
14937,56,2,1409.48,412,42.71151515151515,33,73,33,0,Low Engagement
14944,29,12,5900.25,2815,34.707352941176474,101,266,170,2,Loyal Customers
14946,13,1,100.9,22,33.63333333333333,3,0,3,1,Regular Customers
14947,71,2,290.82,179,20.77285714285714,14,58,14,1,Regular Customers
14948,22,6,1101.97,673,17.491587301587302,56,196,63,0,Low Engagement
14950,18,1,371.2,136,19.53684210526316,19,0,19,1,Regular Customers
14951,78,1,311.69,311,15.5845,20,0,20,1,Regular Customers
14952,59,11,7246.89,3143,53.68066666666667,116,304,135,2,Loyal Customers
14953,24,1,285.67,224,5.2901851851851855,54,0,54,1,Regular Customers
14954,11,1,294.85,117,3.8292207792207793,75,0,77,1,Regular Customers
14957,252,1,58.49,34,4.8741666666666665,12,0,12,1,Regular Customers
14958,146,3,483.72999999999996,128,11.798292682926828,33,98,41,1,Regular Customers
14959,63,4,695.42,494,11.786779661016949,37,232,59,0,Low Engagement
14960,7,2,221.27,221,8.195185185185185,23,162,27,0,Low Engagement
14961,10,9,7044.68,3708,22.579102564102566,193,349,312,2,Loyal Customers
14962,270,1,126.7,44,25.34,5,0,5,1,Regular Customers
14963,9,5,1472.34,1159,7.6684375,149,173,192,2,Loyal Customers
14964,246,1,206.21,143,15.862307692307693,13,0,13,1,Regular Customers
14965,95,2,596.09,363,7.359135802469136,80,0,81,0,Low Engagement
14966,14,1,183.02,179,5.08388888888889,35,0,36,1,Regular Customers
14967,49,1,259.8,92,51.96,5,0,5,1,Regular Customers
14968,29,1,147.59,127,3.988918918918919,37,0,37,1,Regular Customers
14970,67,4,1592.06,250,46.825294117647054,24,248,34,0,Low Engagement
14971,34,3,1097.98,639,7.083741935483871,144,8,155,0,Low Engagement
14972,127,1,114.77,28,6.376111111111111,18,0,18,1,Regular Customers
14973,106,3,729.45,366,24.315,28,118,30,0,Low Engagement
14974,36,1,89.94,37,5.290588235294117,17,0,17,1,Regular Customers
14975,56,1,279.94,380,25.44909090909091,11,0,11,1,Regular Customers
14976,56,6,774.86,232,11.069428571428572,45,269,70,0,Low Engagement
14978,71,5,1921.3700000000001,523,8.97836448598131,136,258,214,2,Loyal Customers
14981,245,1,102.12,97,12.765,8,0,8,1,Regular Customers
14984,18,2,202.37,58,5.188974358974359,37,161,39,1,Regular Customers
14985,197,2,292.01,256,3.5181927710843373,78,159,83,0,Low Engagement
14987,15,2,326.4,128,81.6,2,349,4,3,VIP Customers
14988,211,1,334.54,141,8.3635,40,0,40,1,Regular Customers
14995,38,2,231.98000000000002,102,3.866333333333334,53,241,60,0,Low Engagement
14997,45,3,546.1999999999999,1120,21.007692307692306,25,131,26,0,Low Engagement
14998,169,2,414.87,258,5.606351351351352,70,71,74,1,Regular Customers
15000,47,1,490.52,218,6.37038961038961,76,0,77,0,Low Engagement
15002,115,4,1641.76,862,14.276173913043479,93,251,115,0,Low Engagement
15004,146,1,1220.38,622,7.9763398692810465,153,0,153,0,Low Engagement
15005,15,28,6293.67,4228,5.664869486948695,359,350,1111,2,Loyal Customers
15006,50,1,475.43,285,3.629236641221374,120,0,131,0,Low Engagement
15007,158,1,156.91,69,13.075833333333334,12,0,12,1,Regular Customers
15009,11,3,1259.43,639,6.996833333333334,148,12,180,0,Low Engagement
15010,35,1,308.94,184,15.447,20,0,20,1,Regular Customers
15012,53,2,405.04,225,3.3200000000000003,110,319,122,0,Low Engagement
15014,42,2,257.67,149,7.808181818181819,29,133,33,0,Low Engagement
15016,172,1,170.04,76,8.501999999999999,20,0,20,1,Regular Customers
15017,33,1,125.58,63,6.279,20,0,20,1,Regular Customers
15018,38,3,496.21000000000004,189,16.006774193548388,30,329,31,0,Low Engagement
15019,266,1,252.81,150,3.8304545454545456,64,0,66,1,Regular Customers
15021,8,9,1871.77,819,4.215698198198198,287,357,444,2,Loyal Customers
15022,11,4,852.39,527,7.044545454545454,96,35,121,0,Low Engagement
15023,2,11,6451.51,2816,11.730018181818183,345,366,550,2,Loyal Customers
15024,9,10,1636.43,902,10.765986842105264,105,357,152,2,Loyal Customers
15025,32,1,361.96,184,5.402388059701492,66,0,67,1,Regular Customers
15026,79,3,464.2,225,7.736666666666666,56,197,60,0,Low Engagement
15027,30,4,1066.1499999999999,565,30.461428571428566,30,207,35,0,Low Engagement
15028,7,4,627.13,459,13.065208333333333,35,360,48,0,Low Engagement
15030,71,2,518.28,372,74.03999999999999,7,196,7,3,VIP Customers
15031,3,4,653.19,400,5.93809090909091,74,277,110,0,Low Engagement
15032,255,3,3639.1,2168,75.81458333333333,29,110,48,3,VIP Customers
15033,4,10,2553.88,1670,5.10776,314,324,500,2,Loyal Customers
15034,15,8,4274.16,2413,10.959384615384614,299,338,390,2,Loyal Customers
15035,89,1,252.73000000000002,245,9.36037037037037,26,0,27,1,Regular Customers
15036,71,3,429.56,316,3.609747899159664,107,107,119,0,Low Engagement
15038,58,6,685.74,212,5.48592,105,311,125,0,Low Engagement
15039,9,47,18587.09,8841,12.627099184782608,408,359,1472,2,Loyal Customers
15041,169,1,179.93,103,2.7262121212121215,66,0,66,1,Regular Customers
15042,198,1,135.93,30,27.186,5,0,5,1,Regular Customers
15043,30,1,537.0,300,179.0,3,0,3,3,VIP Customers
15044,18,17,7634.7300000000005,2785,17.19533783783784,233,342,444,2,Loyal Customers
15045,151,2,735.66,114,61.305,11,105,12,3,VIP Customers
15046,8,15,4839.47,3211,24.318944723618092,146,329,199,2,Loyal Customers
15047,269,1,343.62,222,15.61909090909091,22,0,22,1,Regular Customers
15048,64,4,381.0,192,4.053191489361702,86,303,94,0,Low Engagement
15049,273,1,121.17000000000002,63,40.39000000000001,3,0,3,1,Regular Customers
15050,24,3,1737.69,1216,22.86434210526316,68,46,76,0,Low Engagement
15051,22,3,1383.3600000000001,1010,9.741971830985916,130,127,142,0,Low Engagement
15052,318,1,207.73000000000002,79,7.418928571428572,27,0,28,1,Regular Customers
15053,4,3,693.95,984,10.057246376811595,49,277,69,0,Low Engagement
15054,11,2,302.1,198,2.6500000000000004,105,28,114,0,Low Engagement
15057,274,2,1220.4,650,50.85,24,40,24,1,Regular Customers
15058,24,11,2102.54,1054,7.904285714285714,199,286,266,2,Loyal Customers
15059,40,9,1337.72,604,5.644388185654009,161,293,237,2,Loyal Customers
15060,7,4,293.0,256,2.5701754385964914,80,0,114,0,Low Engagement
15061,3,48,24402.72,20224,71.98442477876107,57,368,339,2,Loyal Customers
15062,70,4,987.86,763,17.330877192982456,47,288,57,0,Low Engagement
15063,212,1,115.6,40,28.9,4,0,4,1,Regular Customers
15065,37,4,2908.13,1381,18.88396103896104,147,253,154,2,Loyal Customers
15066,52,1,893.59,317,21.275952380952383,42,0,42,0,Low Engagement
15067,77,3,1744.76,954,21.277560975609756,82,204,82,0,Low Engagement
15068,45,2,553.36,364,5.320769230769231,96,210,104,0,Low Engagement
15069,178,1,1109.53,520,15.850428571428571,70,0,70,0,Low Engagement
15070,372,1,106.2,36,106.2,1,0,1,3,VIP Customers
15071,93,2,982.07,269,37.77192307692308,25,182,26,0,Low Engagement
15073,9,3,1043.41,491,19.322407407407407,31,177,54,0,Low Engagement
15074,104,1,735.67,431,17.943170731707315,41,0,41,1,Regular Customers
15075,77,1,773.03,447,28.63074074074074,27,0,27,1,Regular Customers
15076,172,1,880.85,571,17.976530612244897,49,0,49,1,Regular Customers
15078,6,32,9743.11,5105,22.14343181818182,97,361,440,2,Loyal Customers
15079,212,4,895.61,389,19.055531914893617,46,153,47,0,Low Engagement
15081,21,5,504.8,190,15.296969696969697,26,345,33,0,Low Engagement
15083,256,1,88.2,38,17.64,5,0,5,1,Regular Customers
15087,281,1,306.94,470,20.462666666666667,15,0,15,1,Regular Customers
15088,20,2,1160.07,460,20.352105263157895,53,45,57,0,Low Engagement
15089,9,6,2420.84,1359,16.69544827586207,139,118,145,2,Loyal Customers
15090,307,1,381.32,208,16.57913043478261,23,0,23,1,Regular Customers
15091,67,1,480.71,346,16.023666666666667,30,0,30,1,Regular Customers
15092,214,2,457.81,135,17.608076923076922,23,68,26,1,Regular Customers
15093,17,6,4394.22,3640,41.06747663551402,52,353,107,2,Loyal Customers
15095,103,4,1370.6,1079,29.161702127659574,30,99,47,0,Low Engagement
15096,42,1,219.39000000000001,120,19.944545454545455,11,0,11,1,Regular Customers
15097,3,1,248.08,170,9.923200000000001,25,0,25,1,Regular Customers
15099,83,1,410.48,343,17.84695652173913,23,0,23,1,Regular Customers
15100,333,1,175.2,16,175.2,1,0,1,3,VIP Customers
15101,8,2,317.53,241,39.69125,8,350,8,0,Low Engagement
15103,30,2,703.36,329,20.096,35,55,35,0,Low Engagement
15104,196,2,993.54,635,14.828955223880596,66,85,67,0,Low Engagement
15105,17,7,2298.93,1211,22.76168316831683,90,116,101,0,Low Engagement
15106,17,5,1422.52,1181,14.2252,90,251,100,0,Low Engagement
15107,310,6,319.5,169,19.96875,12,61,16,1,Regular Customers
15108,141,3,1159.25,490,20.337719298245613,49,85,57,0,Low Engagement
15109,245,1,484.95,131,17.319642857142856,28,0,28,1,Regular Customers
15110,23,4,996.1,246,28.46,17,294,35,0,Low Engagement
15111,28,3,1567.48,710,18.660476190476192,70,343,84,0,Low Engagement
15113,9,3,3264.24,2247,34.36042105263158,76,44,95,0,Low Engagement
15114,29,10,2760.56,3096,14.012994923857867,136,271,197,2,Loyal Customers
15115,17,1,340.11,157,16.195714285714285,21,0,21,1,Regular Customers
15116,17,4,1352.75,648,30.06111111111111,37,187,45,0,Low Engagement
15117,14,5,1551.78,1948,19.64278481012658,63,200,79,0,Low Engagement
15119,245,1,266.4,88,19.02857142857143,14,0,14,1,Regular Customers
15120,133,1,358.82,296,17.086666666666666,21,0,21,1,Regular Customers
15121,49,2,457.72,199,16.34714285714286,28,238,28,0,Low Engagement
15122,113,3,1633.78,800,19.924146341463413,65,183,82,0,Low Engagement
15123,6,2,2199.31,1195,20.748207547169812,93,198,106,0,Low Engagement
15124,22,2,184.19,233,12.279333333333334,14,169,15,1,Regular Customers
15125,24,15,9888.08,5561,81.71966942148761,96,245,121,2,Loyal Customers
15127,65,1,406.53,251,25.408125,16,0,16,1,Regular Customers
15128,59,4,1471.0,1343,14.42156862745098,74,159,102,0,Low Engagement
15129,49,10,2529.4,1578,31.22716049382716,54,241,81,2,Loyal Customers
15130,169,1,330.11,197,15.005,22,0,22,1,Regular Customers
15132,17,5,977.9300000000001,679,18.806346153846157,49,244,52,0,Low Engagement
15133,127,3,982.42,680,33.87655172413793,27,174,29,0,Low Engagement
15134,14,8,1387.99,887,19.013561643835615,44,225,73,0,Low Engagement
15135,238,1,139.05,43,15.450000000000001,9,0,9,1,Regular Customers
15136,2,4,1286.7,776,18.92205882352941,61,93,68,0,Low Engagement
15139,239,2,178.96,208,13.766153846153847,13,96,13,1,Regular Customers
15140,51,7,2354.25,1572,29.428125,74,211,80,0,Low Engagement
15142,45,1,498.74,365,19.182307692307692,26,0,26,1,Regular Customers
15143,225,1,259.45,150,18.532142857142855,14,0,14,1,Regular Customers
15144,7,17,6580.44,3050,30.324608294930872,132,304,217,2,Loyal Customers
15145,3,4,1194.73,756,17.83179104477612,54,244,67,0,Low Engagement
15146,164,2,1327.16,1473,14.584175824175825,90,126,91,0,Low Engagement
15147,239,1,623.5,366,22.267857142857142,28,0,28,1,Regular Customers
15148,10,1,301.29,187,15.0645,20,0,20,1,Regular Customers
15149,133,1,520.8000000000001,128,22.643478260869568,23,0,23,1,Regular Customers
15150,16,10,5291.33,3642,15.517096774193549,282,251,341,2,Loyal Customers
15152,9,13,4745.69,2704,17.511771217712177,196,177,271,2,Loyal Customers
15153,30,1,329.25,198,14.965909090909092,22,0,22,1,Regular Customers
15154,74,1,254.28,89,3.581408450704225,66,0,71,1,Regular Customers
15156,0,3,961.49,597,17.481636363636365,51,32,55,0,Low Engagement
15157,3,3,1936.07,2392,15.48856,125,354,125,2,Loyal Customers
15158,44,1,401.40000000000003,198,57.34285714285715,7,0,7,3,VIP Customers
15159,1,30,18141.010000000002,11437,25.622895480225992,361,359,708,2,Loyal Customers
15160,356,1,158.16,84,39.54,4,0,4,1,Regular Customers
15163,17,2,304.47,186,10.49896551724138,29,173,29,0,Low Engagement
15164,68,3,824.58,351,8.164158415841584,79,270,101,0,Low Engagement
15165,372,1,487.75,160,18.064814814814813,27,0,27,1,Regular Customers
15167,320,1,158.8,65,4.071794871794872,39,0,39,1,Regular Customers
15168,25,1,106.56,52,21.312,5,0,5,1,Regular Customers
15171,330,1,544.5,190,136.125,4,0,4,3,VIP Customers
15172,8,5,1624.05,1611,14.764090909090909,106,227,110,0,Low Engagement
15174,322,1,135.75,145,12.340909090909092,11,0,11,1,Regular Customers
15175,71,1,224.14,454,9.745217391304347,23,0,23,1,Regular Customers
15178,259,1,40.5,30,13.5,3,0,3,1,Regular Customers
15179,17,5,2206.95,1938,23.73064516129032,91,300,93,2,Loyal Customers
15180,366,1,87.5,36,14.583333333333334,6,0,6,1,Regular Customers
15181,65,3,450.67999999999995,520,30.04533333333333,10,203,15,0,Low Engagement
15182,153,2,622.85,253,21.477586206896554,24,114,29,1,Regular Customers
15184,28,2,402.2,199,6.487096774193549,59,161,62,0,Low Engagement
15185,69,1,310.62,666,14.791428571428572,21,0,21,1,Regular Customers
15186,13,2,411.41,215,21.653157894736843,17,154,19,0,Low Engagement
15187,1,13,2886.58,1702,34.778072289156626,59,210,83,2,Loyal Customers
15189,0,41,11740.83,4949,60.209384615384614,79,331,195,2,Loyal Customers
15192,119,3,1044.32,918,20.47686274509804,36,245,51,0,Low Engagement
15193,60,1,499.32,144,26.28,19,0,19,1,Regular Customers
15194,2,15,7384.53,5543,23.898155339805825,209,365,309,2,Loyal Customers
15197,10,3,660.21,457,21.297096774193548,29,347,31,0,Low Engagement
15198,91,2,193.64,120,19.363999999999997,10,31,10,1,Regular Customers
15199,58,4,758.7,196,68.97272727272728,5,249,11,3,VIP Customers
15201,86,5,1236.54,1210,17.92086956521739,35,160,69,0,Low Engagement
15203,25,6,1827.8,1753,12.871830985915492,82,285,142,2,Loyal Customers
15204,356,1,316.58,258,35.175555555555555,9,0,9,1,Regular Customers
15205,84,2,653.24,378,17.655135135135136,37,42,37,0,Low Engagement
15206,9,4,420.29999999999995,162,46.699999999999996,3,265,9,0,Low Engagement
15208,0,5,870.12,316,20.717142857142857,25,352,42,0,Low Engagement
15210,224,1,331.18,228,16.559,20,0,20,1,Regular Customers
15211,59,2,894.4100000000001,240,17.20019230769231,52,304,52,0,Low Engagement
15212,240,1,101.8,36,20.36,5,0,5,1,Regular Customers
15213,318,2,328.35,272,13.68125,22,11,24,1,Regular Customers
15214,1,8,1661.44,1254,15.104000000000001,109,241,110,2,Loyal Customers
15215,46,3,734.94,225,20.998285714285714,33,49,35,0,Low Engagement
15216,87,1,96.6,28,48.3,2,0,2,1,Regular Customers
15218,10,11,5524.89,3169,33.48418181818182,76,308,165,2,Loyal Customers
15219,175,1,305.75,45,33.97222222222222,9,0,9,1,Regular Customers
15220,51,6,1778.96,1393,15.204786324786324,110,229,117,2,Loyal Customers
15221,365,1,403.25,43,80.65,5,0,5,3,VIP Customers
15222,318,1,585.0,440,117.0,5,0,5,3,VIP Customers
15223,225,2,755.75,213,37.7875,14,23,20,1,Regular Customers
15224,357,2,322.08,152,23.005714285714284,13,4,14,1,Regular Customers
15225,233,1,409.40000000000003,226,17.8,23,0,23,1,Regular Customers
15226,310,1,154.41,71,19.30125,8,0,8,1,Regular Customers
15227,36,5,1219.4,750,21.024137931034485,43,280,58,0,Low Engagement
15228,65,4,3386.71,2255,27.09368,110,228,125,2,Loyal Customers
15230,238,2,429.6,351,18.678260869565218,23,1,23,1,Regular Customers
15232,112,2,612.06,686,19.743870967741934,26,27,31,0,Low Engagement
15234,276,1,197.0,196,14.071428571428571,14,0,14,1,Regular Customers
15235,217,12,2247.51,1324,15.716853146853149,132,155,143,2,Loyal Customers
15236,298,1,321.05,269,21.403333333333332,15,0,15,1,Regular Customers
15237,1,4,1412.32,1071,14.265858585858584,94,225,99,0,Low Engagement
15238,28,3,1071.99,692,21.4398,49,154,50,0,Low Engagement
15239,9,2,780.59,594,15.930408163265307,48,68,49,0,Low Engagement
15240,44,5,1706.57,1369,21.879102564102563,58,267,78,0,Low Engagement
15241,66,8,1756.44,1818,15.967636363636364,82,216,110,2,Loyal Customers
15243,73,1,316.68,185,14.394545454545455,22,0,22,1,Regular Customers
15244,64,2,631.57,405,18.57558823529412,31,182,34,0,Low Engagement
15245,133,3,2271.04,1688,25.80727272727273,55,127,88,0,Low Engagement
15246,237,2,514.15,247,15.58030303030303,32,120,33,1,Regular Customers
15247,121,1,356.0,160,59.333333333333336,6,0,6,3,VIP Customers
15249,31,13,6688.46,3577,19.109885714285713,211,224,350,2,Loyal Customers
15251,8,11,10136.99,5931,92.15445454545454,96,232,110,2,Loyal Customers
15252,35,2,740.78,522,16.83590909090909,44,146,44,0,Low Engagement
15253,15,5,918.1999999999999,866,17.32452830188679,52,153,53,0,Low Engagement
15254,126,1,300.36,275,16.686666666666667,18,0,18,1,Regular Customers
15255,66,1,890.85,489,18.95425531914894,47,0,47,0,Low Engagement
15256,148,1,98.45,55,16.408333333333335,6,0,6,1,Regular Customers
15257,282,1,317.15,46,45.30714285714286,7,0,7,1,Regular Customers
15258,168,2,623.16,142,18.328235294117647,32,48,34,1,Regular Customers
15260,99,7,1810.77,885,23.516493506493507,62,272,77,0,Low Engagement
15261,134,1,254.82,270,13.41157894736842,19,0,19,1,Regular Customers
15262,323,1,178.95000000000002,73,17.895000000000003,10,0,10,1,Regular Customers
15263,106,1,156.51,89,13.042499999999999,12,0,12,1,Regular Customers
15264,63,1,393.74,265,17.11913043478261,23,0,23,1,Regular Customers
15265,150,2,1506.1200000000001,612,18.36731707317073,76,84,82,0,Low Engagement
15266,337,1,119.3,18,19.883333333333333,6,0,6,1,Regular Customers
15267,21,5,914.56,656,114.32,5,160,8,3,VIP Customers
15269,23,1,118.80000000000001,24,118.80000000000001,1,0,1,3,VIP Customers
15270,15,7,2089.49,1519,52.237249999999996,21,294,40,0,Low Engagement
15271,6,15,2493.34,1251,9.444469696969698,184,358,264,2,Loyal Customers
15272,56,2,721.94,310,11.45936507936508,63,28,63,0,Low Engagement
15274,3,2,716.57,619,15.246170212765959,44,14,47,0,Low Engagement
15275,37,1,615.14,498,15.003414634146342,41,0,41,0,Low Engagement
15276,65,1,128.63,61,2.6251020408163264,49,0,49,1,Regular Customers
15277,46,1,255.89999999999998,205,21.325,12,0,12,1,Regular Customers
15279,354,1,290.51,189,15.29,19,0,19,1,Regular Customers
15280,171,1,113.12,154,7.07,16,0,16,1,Regular Customers
15281,58,9,2332.15,1211,16.778057553956835,121,274,139,2,Loyal Customers
15286,49,1,240.55,55,80.18333333333334,3,0,3,3,VIP Customers
15287,21,2,486.69,433,24.3345,17,48,20,0,Low Engagement
15288,42,5,2306.52,775,26.210454545454546,80,322,88,0,Low Engagement
15289,28,3,939.78,1008,16.20310344827586,43,220,58,0,Low Engagement
15290,4,18,7943.22,4501,38.93735294117647,93,354,204,2,Loyal Customers
15291,25,13,4175.94,1910,41.7594,60,348,100,2,Loyal Customers
15292,200,1,178.39,55,7.432916666666666,24,0,24,1,Regular Customers
15296,50,6,3672.86,1766,18.932268041237116,137,275,194,2,Loyal Customers
15297,9,3,641.94,292,16.46,30,53,39,0,Low Engagement
15298,1,11,3809.9,2756,19.94712041884817,114,364,191,2,Loyal Customers
15300,63,1,496.44,292,17.73,28,0,28,1,Regular Customers
15301,50,11,4427.45,2601,18.37116182572614,166,317,241,2,Loyal Customers
15303,289,1,574.02,248,18.516774193548386,31,0,31,1,Regular Customers
15304,60,8,694.4000000000001,104,30.19130434782609,8,307,23,0,Low Engagement
15306,63,3,1174.35,810,20.247413793103448,57,83,58,0,Low Engagement
15307,95,1,205.3,37,17.108333333333334,12,0,12,1,Regular Customers
15308,273,1,310.47,175,16.340526315789475,19,0,19,1,Regular Customers
15311,0,91,56566.47,35223,24.091341567291312,567,373,2348,2,Loyal Customers
15312,74,4,924.85,516,19.677659574468084,42,279,47,0,Low Engagement
15313,109,1,52.0,25,52.0,1,0,1,1,Regular Customers
15314,198,1,327.97,313,13.665416666666667,24,0,24,1,Regular Customers
15315,63,2,570.5,862,15.41891891891892,35,51,37,0,Low Engagement
15316,326,1,165.0,100,165.0,1,0,1,3,VIP Customers
15318,3,1,312.62,642,9.473333333333333,33,0,33,0,Low Engagement
15319,283,1,204.5,175,12.78125,16,0,16,1,Regular Customers
15320,43,1,267.13,326,7.420277777777778,36,0,36,1,Regular Customers
15321,70,3,2748.31,1181,28.92957894736842,83,220,95,0,Low Engagement
15322,85,1,679.68,416,16.18285714285714,42,0,42,1,Regular Customers
15325,103,1,161.74,231,3.3695833333333334,47,0,48,1,Regular Customers
15326,333,1,311.71,386,10.748620689655171,29,0,29,1,Regular Customers
15327,52,1,208.75,116,20.875,10,0,10,1,Regular Customers
15329,38,3,1049.7,486,18.41578947368421,51,132,57,0,Low Engagement
15330,31,2,460.56,1072,38.38,9,28,12,0,Low Engagement
15332,365,4,1661.06,652,47.45885714285714,29,3,35,1,Regular Customers
15333,207,1,1028.56,344,64.285,16,0,16,3,VIP Customers
15334,156,3,347.87,272,3.5862886597938144,66,16,97,0,Low Engagement
15335,53,1,170.22,79,4.863428571428571,34,0,35,1,Regular Customers
15339,65,2,574.07,416,6.675232558139536,77,251,86,0,Low Engagement
15341,80,1,2020.52,812,118.85411764705883,17,0,17,3,VIP Customers
15342,129,1,406.09,283,16.920416666666664,24,0,24,1,Regular Customers
15343,86,1,364.5,84,17.357142857142858,21,0,21,1,Regular Customers
15344,0,3,563.94,116,21.69,21,73,26,0,Low Engagement
15345,45,1,393.54,81,19.677,20,0,20,1,Regular Customers
15346,332,1,252.42000000000002,144,14.848235294117648,17,0,17,1,Regular Customers
15347,365,1,201.60000000000002,130,40.32000000000001,5,0,5,1,Regular Customers
15348,71,1,158.04,84,17.56,9,0,9,1,Regular Customers
15349,157,2,463.90999999999997,321,6.533943661971831,65,29,71,1,Regular Customers
15350,372,1,115.65,51,23.130000000000003,5,0,5,1,Regular Customers
15351,11,7,1934.66,742,8.83406392694064,157,357,219,2,Loyal Customers
15353,254,2,770.12,341,12.624918032786885,59,113,61,1,Regular Customers
15355,28,2,277.05,45,19.789285714285715,9,23,14,1,Regular Customers
15356,30,10,2718.03,1643,5.446953907815631,215,336,499,2,Loyal Customers
15358,4,22,8347.2,7050,15.149183303085302,292,360,551,2,Loyal Customers
15360,39,1,427.93,223,32.917692307692306,13,0,13,1,Regular Customers
15361,361,1,215.4,144,35.9,6,0,6,1,Regular Customers
15363,372,1,326.0,144,20.375,16,0,16,1,Regular Customers
15364,95,2,675.59,445,24.128214285714286,28,158,28,0,Low Engagement
15365,25,7,2314.32,1084,20.301052631578948,65,289,114,2,Loyal Customers
15366,74,2,602.51,621,13.69340909090909,37,282,44,0,Low Engagement
15367,56,4,1877.59,1057,19.764105263157894,91,218,95,0,Low Engagement
15368,20,1,167.70000000000002,74,55.900000000000006,3,0,3,1,Regular Customers
15370,40,7,2123.25,806,22.830645161290324,65,291,93,0,Low Engagement
15372,136,1,2007.3999999999999,2924,74.34814814814814,27,0,27,3,VIP Customers
15373,7,12,2415.91,500,18.302348484848483,74,363,132,2,Loyal Customers
15374,128,1,168.0,126,56.0,3,0,3,1,Regular Customers
15376,39,3,1221.56,615,10.530689655172413,100,182,116,0,Low Engagement
15379,168,7,3703.29,2305,19.089123711340207,145,189,194,2,Loyal Customers
15380,8,4,1460.16,298,41.718857142857146,21,132,35,0,Low Engagement
15381,267,1,282.29999999999995,162,40.32857142857142,7,0,7,1,Regular Customers
15382,14,6,5955.71,4012,19.7208940397351,193,280,302,2,Loyal Customers
15384,169,2,642.41,596,15.668536585365853,34,189,41,0,Low Engagement
15385,39,1,316.88,161,26.406666666666666,12,0,12,1,Regular Customers
15386,185,1,394.14,446,12.714193548387096,31,0,31,1,Regular Customers
15388,269,1,140.54,88,14.053999999999998,10,0,10,1,Regular Customers
15392,4,4,1535.53,1277,18.280119047619046,74,355,84,0,Low Engagement
15393,15,2,231.86,150,19.32166666666667,10,264,12,0,Low Engagement
15394,9,4,2183.54,910,25.68870588235294,54,348,85,0,Low Engagement
15395,325,1,107.45,17,15.35,7,0,7,1,Regular Customers
15396,112,1,288.18,122,20.584285714285716,14,0,14,1,Regular Customers
15397,289,1,94.0,20,15.666666666666666,6,0,6,1,Regular Customers
15398,15,2,1345.53,769,18.43191780821918,60,62,73,0,Low Engagement
15399,0,3,815.77,611,16.3154,45,77,50,0,Low Engagement
15400,91,5,716.2,390,59.68333333333334,10,186,12,3,VIP Customers
15402,148,2,626.35,693,15.276829268292683,34,47,41,0,Low Engagement
15405,188,1,349.1,193,43.6375,8,0,8,1,Regular Customers
15406,30,2,510.71000000000004,254,9.636037735849058,51,269,53,0,Low Engagement
15407,33,4,1046.74,552,7.072567567567567,142,271,148,0,Low Engagement
15408,263,1,267.18,106,7.858235294117647,34,0,34,1,Regular Customers
15410,83,8,3450.84,1200,28.285573770491805,48,177,122,0,Low Engagement
15411,25,4,1348.93,529,13.764591836734695,86,156,98,0,Low Engagement
15412,170,1,190.53,108,19.053,10,0,10,1,Regular Customers
15414,9,3,774.9000000000001,443,19.86923076923077,37,232,39,0,Low Engagement
15415,312,1,559.61,551,11.906595744680851,46,0,47,1,Regular Customers
15416,64,4,3984.32,2090,20.75166666666667,165,218,192,2,Loyal Customers
15417,84,1,508.8,284,18.17142857142857,28,0,28,1,Regular Customers
15419,24,1,135.86,230,16.9825,8,0,8,1,Regular Customers
15421,58,4,950.36,500,17.93132075471698,40,251,53,0,Low Engagement
15422,322,2,97.7,38,16.283333333333335,6,0,6,1,Regular Customers
15423,37,1,43.5,101,21.75,2,0,2,1,Regular Customers
15424,253,2,383.34,554,22.54941176470588,17,0,17,1,Regular Customers
15426,18,5,1404.07,656,5.105709090909091,217,350,275,2,Loyal Customers
15427,32,3,1430.54,967,4.899109589041096,233,13,292,0,Low Engagement
15428,14,1,93.78,102,15.63,6,0,6,1,Regular Customers
15429,26,2,397.35,380,4.845731707317073,77,48,82,0,Low Engagement
15432,22,1,171.19,65,17.119,10,0,10,1,Regular Customers
15433,213,2,533.3,534,13.00731707317073,40,53,41,1,Regular Customers
15434,7,5,1041.48,647,18.936,40,191,55,0,Low Engagement
15435,21,1,149.29,54,5.147931034482759,29,0,29,1,Regular Customers
15436,11,3,1067.75,574,3.6692439862542954,243,221,291,2,Loyal Customers
15437,261,1,200.16,79,4.4479999999999995,44,0,45,1,Regular Customers
15438,130,1,156.57999999999998,59,6.263199999999999,25,0,25,1,Regular Customers
15440,54,3,383.68,197,6.188387096774194,50,154,62,0,Low Engagement
15443,1,7,3213.59,1639,8.638682795698925,237,318,372,2,Loyal Customers
15444,8,2,1411.21,759,6.594439252336449,191,31,214,0,Low Engagement
15445,263,1,113.5,58,22.7,5,0,5,1,Regular Customers
15447,330,1,155.17,85,17.24111111111111,9,0,9,1,Regular Customers
15448,312,1,494.64,232,17.665714285714284,28,0,28,1,Regular Customers
15449,25,3,974.52,812,16.242,47,235,60,0,Low Engagement
15450,29,1,429.84,376,14.328,30,0,30,1,Regular Customers
15452,29,3,528.48,280,9.437142857142858,47,234,56,0,Low Engagement
15453,1,7,1371.77,837,4.91673835125448,169,185,279,2,Loyal Customers
15454,361,1,179.1,86,7.164,23,0,25,1,Regular Customers
15456,282,3,434.59000000000003,633,7.492931034482759,48,75,58,1,Regular Customers
15457,261,1,237.07,132,4.087413793103448,56,0,58,1,Regular Customers
15458,24,1,161.64,156,23.09142857142857,7,0,7,1,Regular Customers
15460,353,1,214.26,107,3.8260714285714283,53,0,56,1,Regular Customers
15462,93,3,234.6,172,21.327272727272728,9,92,11,1,Regular Customers
15463,28,1,126.14,106,18.02,7,0,7,1,Regular Customers
15464,337,1,1044.65,348,6.739677419354839,155,0,155,1,Regular Customers
15465,19,18,4085.22,805,46.422954545454544,42,349,88,2,Loyal Customers
15466,84,1,334.53,246,5.868947368421052,56,0,57,1,Regular Customers
15467,8,3,524.88,310,10.093846153846155,41,142,52,0,Low Engagement
15468,50,2,467.51,155,19.479583333333334,24,0,24,1,Regular Customers
15469,49,2,538.55,153,22.43958333333333,24,69,24,1,Regular Customers
15471,1,1,454.48,256,6.225753424657534,67,0,73,0,Low Engagement
15472,112,1,371.56,251,4.888947368421053,76,0,76,1,Regular Customers
15473,57,5,853.2,312,121.88571428571429,4,2,7,3,VIP Customers
15475,76,1,454.10999999999996,319,15.658965517241377,29,0,29,1,Regular Customers
15478,39,2,1399.92,575,31.816363636363636,34,16,44,0,Low Engagement
15480,115,1,905.5,303,20.122222222222224,45,0,45,1,Regular Customers
15482,15,11,8662.960000000001,4627,95.19736263736264,44,343,91,2,Loyal Customers
15483,160,4,225.26,291,2.6816666666666666,74,105,84,0,Low Engagement
15484,0,4,3590.41,3150,19.200053475935828,135,77,187,2,Loyal Customers
15485,29,3,2360.5,1201,28.101190476190474,59,343,84,0,Low Engagement
15488,92,1,91.32000000000001,73,45.660000000000004,2,0,2,1,Regular Customers
15489,22,3,1134.28,608,22.6856,47,188,50,0,Low Engagement
15491,94,6,3100.09,1646,20.130454545454548,108,140,154,2,Loyal Customers
15492,27,2,659.4599999999999,483,18.841714285714282,32,46,35,0,Low Engagement
15493,32,5,1953.41,551,6.7592041522491355,177,238,289,2,Loyal Customers
15494,20,2,1280.58,1139,10.49655737704918,120,99,122,0,Low Engagement
15497,17,2,1030.2,464,73.58571428571429,12,302,14,3,VIP Customers
15498,2,27,13316.4,6105,26.00859375,360,364,512,2,Loyal Customers
15500,7,4,1131.56,572,16.640588235294118,64,73,68,0,Low Engagement
15502,15,10,5565.68,3381,27.017864077669905,161,353,206,2,Loyal Customers
15503,362,1,141.04,70,2.1369696969696967,66,0,66,1,Regular Customers
15504,80,1,52.83,33,4.063846153846153,13,0,13,1,Regular Customers
15505,52,5,3610.96,2390,37.22639175257732,90,102,97,0,Low Engagement
15506,22,3,972.08,842,6.03776397515528,121,116,161,0,Low Engagement
15507,171,1,475.86,160,10.574666666666667,41,0,45,1,Regular Customers
15508,188,6,1000.27,440,10.8725,78,46,92,0,Low Engagement
15511,11,5,900.53,269,5.699556962025317,117,73,158,0,Low Engagement
15512,155,2,121.0,68,17.285714285714285,7,203,7,1,Regular Customers
15513,32,19,13639.62,5345,45.015247524752475,179,340,303,2,Loyal Customers
15514,11,11,2601.96,1618,15.962944785276074,95,352,163,2,Loyal Customers
15516,44,3,62.43,27,4.162,15,1,15,1,Regular Customers
15517,232,1,267.03,293,9.889999999999999,27,0,27,1,Regular Customers
15518,63,8,1921.55,1263,9.150238095238095,135,268,210,2,Loyal Customers
15520,1,1,343.5,314,19.083333333333332,18,0,18,1,Regular Customers
15521,39,8,2750.2,1834,14.946739130434782,115,214,184,2,Loyal Customers
15522,32,2,397.99,572,7.106964285714286,47,54,56,0,Low Engagement
15523,83,1,179.51,82,19.945555555555554,9,0,9,1,Regular Customers
15525,1,3,731.87,385,4.7217419354838706,132,371,155,0,Low Engagement
15526,32,2,148.44,24,37.11,4,0,4,1,Regular Customers
15527,18,8,2428.53,991,14.990925925925927,127,335,162,2,Loyal Customers
15528,253,1,229.33,123,8.820384615384615,26,0,26,1,Regular Customers
15529,22,11,3960.05,3454,5.990998487140696,414,343,661,2,Loyal Customers
15530,21,4,1497.31,938,13.993551401869158,90,225,107,0,Low Engagement
15531,7,2,1972.39,1085,9.00634703196347,196,22,219,0,Low Engagement
15532,24,4,1554.83,513,6.21932,204,332,250,2,Loyal Customers
15533,18,3,807.57,289,9.729759036144578,73,69,83,0,Low Engagement
15535,172,4,502.9,135,6.984722222222222,55,154,72,0,Low Engagement
15537,162,1,110.92,29,4.621666666666667,24,0,24,1,Regular Customers
15539,6,1,538.46,410,13.133170731707319,41,0,41,0,Low Engagement
15540,10,1,213.3,200,14.22,15,0,15,1,Regular Customers
15541,113,1,85.13000000000001,49,2.9355172413793107,29,0,29,1,Regular Customers
15543,287,1,127.86,86,4.566428571428571,26,0,28,1,Regular Customers
15544,8,9,3546.71,3109,13.693861003861004,122,363,259,2,Loyal Customers
15545,53,2,288.96999999999997,162,3.612125,78,316,80,0,Low Engagement
15547,6,14,4910.6,3999,7.065611510791367,441,354,695,2,Loyal Customers
15549,76,3,1677.71,691,14.846991150442479,103,239,113,0,Low Engagement
15550,3,4,575.63,295,9.43655737704918,43,297,61,0,Low Engagement
15551,36,1,436.06,218,15.036551724137931,29,0,29,1,Regular Customers
15552,216,1,90.12,60,5.301176470588236,17,0,17,1,Regular Customers
15553,59,1,428.93,449,7.798727272727273,51,0,55,0,Low Engagement
15554,277,1,217.2,74,15.514285714285714,14,0,14,1,Regular Customers
15555,11,16,4791.87,4397,5.414542372881356,400,357,885,2,Loyal Customers
15556,23,1,279.77,236,9.024838709677418,31,0,31,1,Regular Customers
15557,28,1,468.91,213,24.679473684210528,16,0,19,1,Regular Customers
15561,11,4,800.59,267,29.651481481481483,27,203,27,0,Low Engagement
15562,351,1,134.55,39,134.55,1,0,1,3,VIP Customers
15563,21,3,1361.44,1441,12.265225225225226,87,336,111,0,Low Engagement
15565,49,2,173.16,60,21.645,8,20,8,1,Regular Customers
15567,18,1,186.01,223,26.572857142857142,7,0,7,1,Regular Customers
15568,2,3,758.29,461,14.307358490566036,27,70,53,0,Low Engagement
15569,131,3,886.11,474,30.55551724137931,27,200,29,0,Low Engagement
15570,6,12,4148.82,2063,13.005705329153605,231,362,319,2,Loyal Customers
15571,11,4,650.4300000000001,264,11.411052631578949,47,66,57,0,Low Engagement
15572,4,7,2533.42,1213,11.950094339622641,166,273,212,2,Loyal Customers
15573,31,2,583.24,354,6.0754166666666665,87,53,96,0,Low Engagement
15574,177,4,675.64,332,4.445,131,194,152,0,Low Engagement
15576,37,1,682.33,298,16.24595238095238,42,0,42,0,Low Engagement
15577,150,3,258.88,89,6.637948717948718,39,154,39,1,Regular Customers
15578,161,1,127.1,52,9.776923076923076,13,0,13,1,Regular Customers
15579,68,2,327.6,117,6.825,45,245,48,0,Low Engagement
15581,155,10,717.4300000000001,280,5.016993006993007,133,209,143,0,Low Engagement
15582,24,3,682.9100000000001,453,15.52068181818182,39,195,44,0,Low Engagement
15584,23,4,720.86,313,5.908688524590164,89,138,122,0,Low Engagement
15585,176,1,455.3,320,14.687096774193549,31,0,31,1,Regular Customers
15587,49,4,669.6,240,83.7,3,301,8,3,VIP Customers
15589,255,3,478.53000000000003,243,16.501034482758623,28,54,29,1,Regular Customers
15592,46,1,388.58,354,16.190833333333334,24,0,24,1,Regular Customers
15593,70,1,199.8,60,39.96,5,0,5,1,Regular Customers
15594,15,5,1771.78,983,17.201747572815535,85,218,103,0,Low Engagement
15596,100,5,1406.59,561,18.267402597402597,51,264,77,0,Low Engagement
15597,34,1,324.57,279,14.753181818181817,22,0,22,1,Regular Customers
15598,52,1,240.68,160,17.19142857142857,14,0,14,1,Regular Customers
15599,26,2,761.74,718,14.648846153846154,50,177,52,0,Low Engagement
15601,10,14,6776.56,4983,16.52819512195122,230,361,410,2,Loyal Customers
15602,7,9,1297.8700000000001,1137,28.214565217391307,30,359,46,0,Low Engagement
15603,78,1,48.480000000000004,96,24.240000000000002,2,0,2,1,Regular Customers
15604,51,1,216.39,159,12.728823529411764,17,0,17,1,Regular Customers
15605,35,5,1198.23,441,17.88402985074627,61,337,67,0,Low Engagement
15606,60,9,2920.16,892,37.92415584415584,48,263,77,2,Loyal Customers
15607,336,1,104.76,202,8.05846153846154,13,0,13,1,Regular Customers
15608,27,4,1093.68,714,18.228,59,92,60,0,Low Engagement
15609,183,1,298.48,148,18.655,16,0,16,1,Regular Customers
15610,51,1,112.46000000000001,66,18.743333333333336,6,0,6,1,Regular Customers
15611,9,11,1355.65,382,33.89125,22,325,40,0,Low Engagement
15612,35,2,195.15,52,32.525,4,25,6,1,Regular Customers
15615,9,23,10399.74,5508,24.585673758865248,184,348,423,2,Loyal Customers
15618,32,4,776.851,454,17.263355555555556,39,103,45,0,Low Engagement
15619,10,1,336.40000000000003,136,112.13333333333334,3,0,3,3,VIP Customers
15620,56,3,1553.18,915,15.5318,92,301,100,0,Low Engagement
15621,3,4,1056.15,429,70.41000000000001,11,17,15,3,VIP Customers
15622,42,9,3709.56,1674,20.051675675675675,169,239,185,2,Loyal Customers
15623,140,1,301.03,125,15.843684210526314,19,0,19,1,Regular Customers
15624,116,4,588.13,357,17.297941176470587,26,139,34,0,Low Engagement
15625,103,4,1534.26,1188,23.9728125,44,131,64,0,Low Engagement
15626,74,2,675.8,766,13.791836734693877,49,254,49,0,Low Engagement
15628,4,9,2870.2400000000002,1894,18.51767741935484,85,362,155,2,Loyal Customers
15630,44,2,1186.35,800,19.772499999999997,57,159,60,0,Low Engagement
15632,15,8,3285.31,2109,19.67251497005988,107,259,167,2,Loyal Customers
15634,16,1,243.55,99,16.236666666666668,15,0,15,1,Regular Customers
15636,89,2,724.76,284,28.9904,20,192,25,0,Low Engagement
15637,52,1,223.36,128,14.890666666666668,15,0,15,1,Regular Customers
15639,133,1,425.32,323,17.0128,25,0,25,1,Regular Customers
15640,3,15,11474.51,6204,24.31040254237288,238,367,472,2,Loyal Customers
15641,104,4,1887.2,1562,15.858823529411765,102,253,119,0,Low Engagement
15643,191,3,664.0,246,20.12121212121212,31,90,33,1,Regular Customers
15644,165,4,803.54,550,3.4635344827586207,166,94,232,0,Low Engagement
15645,18,1,611.59,255,11.991960784313726,49,0,51,0,Low Engagement
15646,157,3,447.64000000000004,394,12.789714285714288,35,214,35,0,Low Engagement
15648,203,2,639.5,218,26.645833333333332,23,62,24,1,Regular Customers
15651,36,3,646.3,479,20.196875,27,223,32,0,Low Engagement
15652,90,1,337.74,208,16.082857142857144,21,0,21,1,Regular Customers
15653,115,1,48.0,48,12.0,4,0,4,1,Regular Customers
15654,8,2,922.53,475,43.93,15,16,21,0,Low Engagement
15655,242,1,560.67,324,16.490294117647057,34,0,34,1,Regular Customers
15656,44,4,748.5,343,15.925531914893616,46,238,47,0,Low Engagement
15657,22,1,30.0,24,30.0,1,0,1,1,Regular Customers
15658,189,5,1024.1000000000001,242,21.33541666666667,40,182,48,0,Low Engagement
15659,43,1,306.45,111,27.85909090909091,11,0,11,1,Regular Customers
15660,24,9,1600.86,1050,17.787333333333333,55,340,90,2,Loyal Customers
15661,316,2,309.8,236,61.96,4,21,5,3,VIP Customers
15663,105,1,138.14,106,15.348888888888887,9,0,9,1,Regular Customers
15664,50,1,386.43,157,22.731176470588235,17,0,17,1,Regular Customers
15665,167,2,2222.21,1654,19.323565217391305,92,74,115,0,Low Engagement
15667,39,1,301.32,240,23.178461538461537,13,0,13,1,Regular Customers
15668,217,1,76.32000000000001,72,76.32000000000001,1,0,1,3,VIP Customers
15669,39,4,684.34,342,20.737575757575758,31,223,33,0,Low Engagement
15670,296,1,173.05,91,14.420833333333334,12,0,12,1,Regular Customers
15671,18,7,2147.13,1499,28.25171052631579,52,252,76,0,Low Engagement
15673,87,4,2726.23,1451,19.755289855072466,107,238,138,0,Low Engagement
15674,72,4,2111.89,1274,18.68929203539823,87,181,113,0,Low Engagement
15675,80,3,323.69,527,15.413809523809524,20,198,21,0,Low Engagement
15676,18,3,3435.76,2252,17.00871287128713,191,265,202,2,Loyal Customers
15677,48,1,657.23,319,19.916060606060608,33,0,33,1,Regular Customers
15678,52,1,352.7,184,29.391666666666666,12,0,12,1,Regular Customers
15679,23,4,781.28,1170,7.102545454545455,98,158,110,0,Low Engagement
15680,8,3,1333.68,952,17.09846153846154,61,356,78,0,Low Engagement
15681,24,5,1426.16,816,26.90867924528302,32,255,53,0,Low Engagement
15683,116,1,193.75,131,19.375,10,0,10,1,Regular Customers
15687,8,9,2993.1,1310,18.030722891566263,119,321,166,2,Loyal Customers
15689,119,2,254.1,84,28.233333333333334,8,241,9,1,Regular Customers
15690,3,2,239.76,408,12.618947368421052,19,96,19,0,Low Engagement
15691,251,1,136.8,72,68.4,2,0,2,3,VIP Customers
15692,27,1,191.04,138,15.92,12,0,12,1,Regular Customers
15694,7,12,4457.14,1274,63.67342857142857,41,364,70,2,Loyal Customers
15695,266,2,409.98,212,18.635454545454547,22,0,22,1,Regular Customers
15696,32,8,2711.11,1015,16.137559523809525,140,293,168,2,Loyal Customers
15699,17,1,309.65,113,17.202777777777776,18,0,18,1,Regular Customers
15700,171,2,696.68,357,8.10093023255814,85,1,86,0,Low Engagement
15701,1,4,1529.0,912,6.647826086956521,193,108,230,2,Loyal Customers
15703,264,1,211.5,66,42.3,5,0,5,1,Regular Customers
15704,139,4,2293.62,1028,19.603589743589744,79,75,117,0,Low Engagement
15705,200,1,143.1,62,23.849999999999998,6,0,6,1,Regular Customers
15706,63,4,1060.56,321,19.28290909090909,50,52,55,0,Low Engagement
15707,34,4,916.98,594,4.473073170731707,126,51,205,0,Low Engagement
15708,40,7,3235.25,1217,11.8507326007326,124,328,273,2,Loyal Customers
15709,283,1,133.25,121,22.208333333333332,6,0,6,1,Regular Customers
15712,8,5,1072.3600000000001,486,20.233207547169815,41,278,53,0,Low Engagement
15713,142,2,356.7,150,18.773684210526316,18,222,19,1,Regular Customers
15714,11,2,330.03000000000003,186,9.706764705882353,34,66,34,0,Low Engagement
15716,145,4,1101.1100000000001,738,9.411196581196583,101,223,117,0,Low Engagement
15717,233,1,150.3,70,21.47142857142857,7,0,7,1,Regular Customers
15719,32,13,5028.42,2717,5.4069032258064516,298,304,930,2,Loyal Customers
15720,23,1,598.73,281,4.677578125,128,0,128,0,Low Engagement
15721,11,1,471.40000000000003,388,5.611904761904762,80,0,84,0,Low Engagement
15722,35,5,1980.21,891,30.00318181818182,45,254,66,0,Low Engagement
15723,364,1,190.7,73,5.018421052631578,37,0,38,1,Regular Customers
15724,200,2,218.25,73,19.84090909090909,11,83,11,1,Regular Customers
15725,14,1,415.25,221,12.9765625,32,0,32,1,Regular Customers
15727,16,7,4659.06,3059,15.582140468227426,211,342,299,2,Loyal Customers
15729,212,1,85.0,28,17.0,5,0,5,1,Regular Customers
15730,65,3,1120.88,689,16.01257142857143,68,140,70,0,Low Engagement
15732,211,2,294.12,215,21.00857142857143,13,159,14,1,Regular Customers
15733,282,1,162.3,62,16.23,10,0,10,1,Regular Customers
15734,114,2,716.95,196,31.171739130434784,23,85,23,1,Regular Customers
15737,14,8,1188.1200000000001,597,16.734084507042255,60,228,71,0,Low Engagement
15738,18,16,4812.42,2982,27.817456647398846,46,353,173,2,Loyal Customers
15739,65,1,449.12,472,56.14,8,0,8,3,VIP Customers
15740,48,1,154.88,152,17.20888888888889,9,0,9,1,Regular Customers
15743,15,4,775.96,214,9.022790697674418,59,168,86,0,Low Engagement
15744,77,1,34.8,120,11.6,3,0,3,1,Regular Customers
15745,18,4,1094.59,421,17.654677419354837,57,217,62,0,Low Engagement
15746,133,1,196.88,178,7.031428571428571,28,0,28,1,Regular Customers
15747,12,3,946.64,466,10.518222222222223,52,160,90,0,Low Engagement
15748,39,1,144.36,50,7.218000000000001,19,0,20,1,Regular Customers
15750,2,8,2463.05,1783,8.464089347079039,214,364,291,2,Loyal Customers
15752,39,7,2626.6,1960,6.485432098765432,236,333,405,2,Loyal Customers
15753,304,1,79.2,144,79.2,1,0,1,3,VIP Customers
15754,50,3,458.57,199,16.3775,24,195,28,0,Low Engagement
15755,9,6,2364.25,1427,16.7677304964539,127,284,141,2,Loyal Customers
15756,60,4,528.01,241,2.764450261780105,160,187,191,0,Low Engagement
15757,65,2,714.42,491,15.876,43,152,45,0,Low Engagement
15758,24,1,205.25,47,22.805555555555557,9,0,9,1,Regular Customers
15759,217,3,253.04,60,36.14857142857143,5,139,7,1,Regular Customers
15762,64,2,583.75,251,15.777027027027026,37,12,37,0,Low Engagement
15763,31,2,1086.92,271,17.818360655737706,58,45,61,0,Low Engagement
15764,87,6,3279.97,2050,18.222055555555553,150,188,180,2,Loyal Customers
15766,63,1,315.06,170,28.64181818181818,11,0,11,1,Regular Customers
15768,115,3,371.83,242,14.301153846153845,22,110,26,1,Regular Customers
15769,30,13,4369.44,2388,150.6703448275862,17,340,29,3,VIP Customers
15773,5,1,147.52,167,16.391111111111112,9,0,9,1,Regular Customers
15774,68,1,270.8,87,10.832,25,0,25,1,Regular Customers
15775,244,1,104.9,68,14.985714285714286,7,0,7,1,Regular Customers
15776,132,1,241.62,138,13.423333333333334,18,0,18,1,Regular Customers
15777,240,3,761.51,266,38.0755,17,120,20,1,Regular Customers
15780,183,3,475.28000000000003,220,16.38896551724138,26,174,29,0,Low Engagement
15781,24,3,345.46,180,17.273,20,280,20,0,Low Engagement
15782,9,3,2614.7400000000002,864,60.80790697674419,34,79,43,0,Low Engagement
15783,10,1,246.3,212,17.592857142857145,14,0,14,1,Regular Customers
15785,32,5,2328.9700000000003,1612,28.059879518072293,58,262,83,0,Low Engagement
15786,45,3,4919.0,3340,18.492481203007518,257,68,266,2,Loyal Customers
15787,25,3,933.26,534,4.6663,156,35,200,0,Low Engagement
15789,357,1,351.3,438,14.052,25,0,25,1,Regular Customers
15790,9,1,218.75,113,6.4338235294117645,34,0,34,1,Regular Customers
15791,43,2,1612.69,731,21.502533333333336,66,160,75,0,Low Engagement
15793,14,3,750.81,433,68.25545454545454,6,253,11,3,VIP Customers
15795,149,1,610.01,581,14.524047619047618,42,0,42,1,Regular Customers
15796,0,8,2707.61,859,20.6687786259542,69,301,131,2,Loyal Customers
15799,75,3,884.14,955,9.021836734693878,94,258,98,0,Low Engagement
15800,106,2,696.89,332,5.956324786324786,116,139,117,0,Low Engagement
15801,45,3,1063.95,570,16.62421875,61,63,64,0,Low Engagement
15803,50,1,415.82000000000005,290,51.977500000000006,8,0,8,1,Regular Customers
15804,0,13,3956.39,2563,15.158582375478927,169,198,261,2,Loyal Customers
15805,22,17,5488.18,3367,18.355117056856187,220,341,299,2,Loyal Customers
15806,45,3,784.58,602,25.309032258064516,24,230,31,0,Low Engagement
15807,49,3,903.9,430,18.83125,48,26,48,0,Low Engagement
15808,305,4,3651.27,1305,18.72446153846154,142,63,195,0,Low Engagement
15809,35,5,515.77,301,14.736285714285714,31,266,35,0,Low Engagement
15810,78,4,1391.98,861,15.640224719101123,66,218,89,0,Low Engagement
15811,21,6,2218.62,1071,16.681353383458646,117,343,133,2,Loyal Customers
15812,106,5,1089.14,762,28.661578947368422,35,210,38,0,Low Engagement
15813,207,2,1303.9099999999999,603,32.59775,40,31,40,0,Low Engagement
15814,16,4,1945.33,1271,27.018472222222222,63,33,72,0,Low Engagement
15815,63,5,1846.2,1616,38.4625,33,196,48,0,Low Engagement
15819,48,4,1905.45,1357,15.491463414634147,96,227,123,0,Low Engagement
15820,319,1,206.98,128,12.175294117647057,17,0,17,1,Regular Customers
15821,43,2,570.96,202,9.209032258064516,57,17,62,0,Low Engagement
15822,2,2,885.47,375,26.832424242424242,28,356,33,0,Low Engagement
15823,371,1,15.0,1,15.0,1,0,1,1,Regular Customers
15825,171,1,282.94,218,14.891578947368421,19,0,19,1,Regular Customers
15826,55,3,1654.31,963,24.328088235294118,64,154,68,0,Low Engagement
15827,72,14,1836.0900000000001,882,15.966000000000001,72,299,115,2,Loyal Customers
15829,98,2,636.14,996,12.473333333333333,44,41,51,0,Low Engagement
15830,37,1,576.0,415,14.76923076923077,39,0,39,0,Low Engagement
15831,57,3,794.64,1092,12.04,63,265,66,0,Low Engagement
15832,253,1,836.79,465,15.49611111111111,54,0,54,1,Regular Customers
15834,69,4,2222.65,959,8.293470149253732,241,206,268,2,Loyal Customers
15835,43,4,954.09,439,19.0818,47,286,50,0,Low Engagement
15836,49,1,137.37,26,13.737,10,0,10,1,Regular Customers
15837,64,1,391.98,189,16.3325,24,0,24,1,Regular Customers
15838,10,18,14240.380000000001,8534,111.25296875000001,48,356,128,2,Loyal Customers
15839,32,3,1048.49,675,16.911129032258064,56,114,62,0,Low Engagement
15840,58,2,355.56,396,13.168888888888889,26,113,27,0,Low Engagement
15841,72,4,1224.06,942,26.043829787234042,36,266,47,0,Low Engagement
15843,303,1,118.95000000000002,27,14.868750000000002,8,0,8,1,Regular Customers
15844,45,1,130.73999999999998,134,11.885454545454543,11,0,11,1,Regular Customers
15845,17,8,3711.77,1926,26.896884057971015,97,319,138,2,Loyal Customers
15847,37,2,389.27,449,17.694090909090907,22,249,22,0,Low Engagement
15850,18,2,234.88,298,2.525591397849462,87,148,93,0,Low Engagement
15852,186,2,160.71,48,7.305000000000001,22,10,22,1,Regular Customers
15853,51,1,110.8,135,3.6933333333333334,29,0,30,1,Regular Customers
15854,3,12,2754.92,890,20.10890510948905,105,357,137,2,Loyal Customers
15855,136,5,712.24,470,8.903,59,126,80,0,Low Engagement
15856,3,27,15318.380000000001,10455,24.5486858974359,294,361,624,2,Loyal Customers
15857,18,1,297.0,308,21.214285714285715,14,0,14,1,Regular Customers
15858,15,5,1427.57,1163,7.59345744680851,145,351,188,2,Loyal Customers
15860,40,8,965.16,437,6.943597122302158,105,327,139,0,Low Engagement
15861,11,8,3146.92,2528,5.82762962962963,339,254,540,2,Loyal Customers
15862,7,4,832.88,585,5.665850340136054,142,365,147,0,Low Engagement
15863,25,2,68.84,19,3.8244444444444445,18,167,18,1,Regular Customers
15864,21,6,1711.3200000000002,1132,90.06947368421054,15,293,19,3,VIP Customers
15865,40,3,895.13,368,22.37825,37,173,40,0,Low Engagement
15866,100,1,211.89,124,4.927674418604651,43,0,43,1,Regular Customers
15867,4,15,3803.6,2039,8.322975929978117,301,363,457,2,Loyal Customers
15869,276,2,149.64,175,9.975999999999999,13,0,15,1,Regular Customers
15870,32,1,351.44,333,4.749189189189189,68,0,74,0,Low Engagement
15872,14,2,316.25,187,2.928240740740741,101,0,108,0,Low Engagement
15874,63,7,4099.88,2498,34.4527731092437,109,220,119,2,Loyal Customers
15877,1,2,490.33,368,3.8915079365079364,122,16,126,0,Low Engagement
15880,368,1,329.03000000000003,202,3.4273958333333336,95,0,96,1,Regular Customers
15881,311,5,501.39000000000004,260,17.289310344827587,26,52,29,1,Regular Customers
15882,198,4,514.08,264,23.36727272727273,22,169,22,0,Low Engagement
15883,1,2,396.48,223,8.091428571428573,42,31,49,0,Low Engagement
15885,92,1,349.35,109,21.834375,16,0,16,1,Regular Customers
15886,59,1,181.09,147,15.090833333333334,12,0,12,1,Regular Customers
15888,80,1,162.64,67,16.264,10,0,10,1,Regular Customers
15889,156,2,400.77,200,4.828554216867469,78,212,83,0,Low Engagement
15891,226,1,509.13,417,8.629322033898305,59,0,59,1,Regular Customers
15894,252,2,257.6,163,7.155555555555556,34,115,36,1,Regular Customers
15895,149,1,179.17,94,16.288181818181815,11,0,11,1,Regular Customers
15897,193,2,208.59,223,9.481363636363637,17,0,22,1,Regular Customers
15898,0,5,1108.83,467,13.359397590361445,70,367,83,0,Low Engagement
15899,368,1,56.25,39,14.0625,4,0,4,1,Regular Customers
15900,23,1,337.28,216,7.176170212765957,44,0,47,1,Regular Customers
15901,16,3,349.75,372,3.208715596330275,101,138,109,0,Low Engagement
15903,9,7,4685.16,2314,65.07166666666666,45,285,72,2,Loyal Customers
15904,7,1,164.68,84,5.489333333333334,30,0,30,1,Regular Customers
15906,19,7,1567.69,544,10.451266666666667,113,235,150,0,Low Engagement
15907,3,3,881.87,477,3.9194222222222224,174,206,225,0,Low Engagement
15909,173,1,191.94,98,27.419999999999998,7,0,7,1,Regular Customers
15910,0,8,1228.88,1013,4.6198496240601505,215,315,266,2,Loyal Customers
15912,177,2,264.62,185,13.927368421052632,19,54,19,1,Regular Customers
15916,15,8,1502.8600000000001,752,9.95271523178808,124,350,151,2,Loyal Customers
15917,247,1,123.1,42,10.258333333333333,12,0,12,1,Regular Customers
15918,190,2,334.23,153,8.35575,33,80,40,1,Regular Customers
15919,19,2,525.69,385,4.308934426229508,103,349,122,0,Low Engagement
15920,153,3,163.55,94,2.819827586206897,52,0,58,1,Regular Customers
15921,172,1,323.03000000000003,162,13.459583333333335,24,0,24,1,Regular Customers
15922,372,1,369.5,138,33.59090909090909,11,0,11,1,Regular Customers
15923,372,1,127.08,122,6.051428571428572,21,0,21,1,Regular Customers
15925,193,1,207.15,93,17.2625,12,0,12,1,Regular Customers
15930,66,1,426.63,139,20.315714285714286,21,0,21,1,Regular Customers
15932,3,8,2495.87,2325,21.703217391304346,93,285,115,2,Loyal Customers
15933,20,3,1107.46,885,14.965675675675676,63,65,74,0,Low Engagement
15935,238,1,108.03999999999999,114,9.82181818181818,11,0,11,1,Regular Customers
15937,63,1,145.35,73,20.764285714285712,7,0,7,1,Regular Customers
15938,111,5,404.58,240,22.476666666666667,13,211,18,0,Low Engagement
15939,89,14,4172.45,3504,60.47028985507246,25,241,69,2,Loyal Customers
15940,310,1,35.8,4,35.8,1,0,1,1,Regular Customers
15942,133,1,337.44,232,24.102857142857143,14,0,14,1,Regular Customers
15944,276,1,325.1,50,54.18333333333334,6,0,6,1,Regular Customers
15945,364,1,181.0,52,90.5,2,0,2,3,VIP Customers
15947,82,1,1708.24,898,58.9048275862069,29,0,29,0,Low Engagement
15948,7,2,955.24,567,15.920666666666667,51,35,60,0,Low Engagement
15949,16,2,364.72,284,19.19578947368421,12,54,19,1,Regular Customers
15950,31,4,1744.71,719,17.986701030927836,86,327,97,0,Low Engagement
15951,8,2,708.22,313,17.273658536585366,36,276,41,0,Low Engagement
15952,33,4,781.91,391,9.30845238095238,65,191,84,0,Low Engagement
15953,14,8,1657.28,891,17.085360824742267,63,354,97,2,Loyal Customers
15955,23,14,4416.26,2135,24.13256830601093,137,348,183,2,Loyal Customers
15957,31,1,428.89,211,10.211666666666666,40,0,42,1,Regular Customers
15958,73,1,104.35,33,14.907142857142857,7,0,7,1,Regular Customers
15963,19,2,470.76,298,16.812857142857144,26,25,28,0,Low Engagement
15965,16,4,808.87,434,7.287117117117117,88,350,111,0,Low Engagement
15967,22,2,397.68,205,4.971,73,295,80,0,Low Engagement
15969,2,3,666.1,124,33.305,20,182,20,0,Low Engagement
15970,303,1,314.1,116,28.55454545454546,11,0,11,1,Regular Customers
15971,52,9,2149.9,1046,74.13448275862069,7,258,29,0,Low Engagement
15973,366,1,307.82000000000005,106,76.95500000000001,4,0,4,3,VIP Customers
15974,38,7,3442.15,2262,19.557670454545455,141,249,176,2,Loyal Customers
15975,83,1,371.01,243,15.45875,24,0,24,1,Regular Customers
15976,164,2,427.64,275,4.454583333333333,83,54,96,0,Low Engagement
15977,16,2,1054.73,1016,16.226615384615386,48,21,65,0,Low Engagement
15978,76,1,1098.78,888,22.42408163265306,49,0,49,0,Low Engagement
15980,88,3,2398.86,1560,55.78744186046512,40,165,43,0,Low Engagement
15981,24,8,3408.48,1866,35.13896907216495,53,286,97,2,Loyal Customers
15983,21,4,1465.12,886,13.081428571428571,82,351,112,0,Low Engagement
15984,2,10,2780.63,1815,10.777635658914729,217,365,258,2,Loyal Customers
15985,122,2,1142.42,1086,30.876216216216218,29,113,37,0,Low Engagement
15986,29,1,168.12,268,12.008571428571429,14,0,14,1,Regular Customers
15987,11,6,1079.43,627,8.499448818897639,110,356,127,2,Loyal Customers
15988,18,1,156.78,180,6.03,26,0,26,1,Regular Customers
15990,43,2,792.11,443,15.232884615384616,52,243,52,0,Low Engagement
15992,3,1,41.989999999999995,17,13.996666666666664,3,0,3,1,Regular Customers
15993,8,7,2768.97,2031,5.10880073800738,334,35,542,2,Loyal Customers
15994,54,1,414.27,173,12.9459375,31,0,32,1,Regular Customers
15996,87,6,1032.58,380,8.130551181102362,103,277,127,0,Low Engagement
15998,36,5,3080.22,2032,6.111547619047618,370,325,504,2,Loyal Customers
16003,29,5,2235.37,1181,22.13237623762376,80,329,101,2,Loyal Customers
16005,11,4,578.71,280,2.8791542288557217,173,258,201,0,Low Engagement
16006,210,1,101.4,84,12.675,8,0,8,1,Regular Customers
16007,47,4,1693.81,1388,4.445695538057743,221,167,381,2,Loyal Customers
16008,23,3,478.78,323,14.508484848484848,29,180,33,0,Low Engagement
16009,21,4,972.11,366,11.855,68,137,82,0,Low Engagement
16010,245,3,392.4,202,4.9670886075949365,62,116,79,1,Regular Customers
16011,7,16,3352.96,2035,15.966476190476191,99,357,210,2,Loyal Customers
16012,34,3,1415.29,799,15.05627659574468,87,119,94,0,Low Engagement
16013,7,16,4157.26,2974,61.13617647058824,22,262,68,2,Loyal Customers
16014,37,3,646.83,258,4.687173913043479,123,253,138,0,Low Engagement
16015,3,3,704.26,906,3.9125555555555556,145,45,180,0,Low Engagement
16016,2,8,1465.51,602,6.542455357142857,156,363,224,2,Loyal Customers
16017,46,1,211.88,102,6.62125,26,0,32,1,Regular Customers
16018,38,2,408.90000000000003,190,14.60357142857143,26,141,28,0,Low Engagement
16019,46,9,3786.2400000000002,1733,23.664,133,317,160,2,Loyal Customers
16020,16,3,851.01,487,18.500217391304346,42,48,46,0,Low Engagement
16022,259,1,602.63,255,8.48774647887324,68,0,71,1,Regular Customers
16023,45,3,719.81,358,7.126831683168317,90,220,101,0,Low Engagement
16024,11,1,245.75,377,4.028688524590164,60,0,61,0,Low Engagement
16025,29,1,439.65999999999997,338,15.702142857142857,28,0,28,1,Regular Customers
16026,42,1,236.09,243,7.3778125,30,0,32,1,Regular Customers
16027,91,6,934.62,1147,58.41375,11,210,16,0,Low Engagement
16029,38,49,20579.31,10670,135.39019736842107,30,335,152,2,Loyal Customers
16030,309,1,331.24,283,11.422068965517242,28,0,29,1,Regular Customers
16031,91,2,547.9,421,5.590816326530612,91,154,98,0,Low Engagement
16033,5,20,8778.82,3529,7.782641843971631,538,364,1128,2,Loyal Customers
16034,195,3,437.7,242,19.895454545454545,18,136,22,1,Regular Customers
16036,86,2,758.92,716,13.798545454545454,55,176,55,0,Low Engagement
16037,269,3,855.02,428,21.923589743589744,37,88,39,1,Regular Customers
16038,7,3,471.78000000000003,244,18.145384615384618,24,194,26,0,Low Engagement
16040,64,3,1313.55,684,20.20846153846154,57,203,65,0,Low Engagement
16042,21,5,1177.47,743,16.821,68,310,70,0,Low Engagement
16043,37,4,773.99,503,19.845897435897434,30,280,39,0,Low Engagement
16045,119,4,1340.7,897,16.15301204819277,71,170,83,0,Low Engagement
16048,372,2,256.44,144,32.055,8,0,8,1,Regular Customers
16049,39,3,1074.81,763,3.5946822742474915,248,34,299,0,Low Engagement
16050,173,1,137.9,278,13.790000000000001,10,0,10,1,Regular Customers
16052,53,1,362.06,282,10.648823529411764,34,0,34,1,Regular Customers
16053,32,2,1511.95,1793,17.999404761904763,81,89,84,0,Low Engagement
16054,144,1,783.9,380,11.198571428571428,70,0,70,1,Regular Customers
16055,220,1,134.8,22,16.85,8,0,8,1,Regular Customers
16056,44,1,650.75,345,9.859848484848484,66,0,66,0,Low Engagement
16057,15,7,2263.12,863,18.703471074380165,109,268,121,2,Loyal Customers
16059,65,6,1453.16,641,8.163820224719101,126,301,178,2,Loyal Customers
16062,9,4,1153.62,800,18.0253125,50,355,64,0,Low Engagement
16063,259,1,335.32,262,14.57913043478261,23,0,23,1,Regular Customers
16065,364,1,367.14,228,5.02931506849315,71,0,73,1,Regular Customers
16066,16,5,1521.04,935,15.059801980198019,77,107,101,0,Low Engagement
16070,21,2,852.15,457,25.82272727272727,32,9,33,0,Low Engagement
16071,44,1,326.24,180,15.535238095238096,21,0,21,1,Regular Customers
16072,287,1,584.3199999999999,140,25.405217391304344,23,0,23,1,Regular Customers
16073,296,1,122.39999999999999,48,122.39999999999999,1,0,1,3,VIP Customers
16076,2,10,2234.73,1435,17.323488372093024,71,205,129,2,Loyal Customers
16078,283,1,79.2,16,79.2,1,0,1,3,VIP Customers
16079,16,3,944.0,704,47.2,18,23,20,0,Low Engagement
16080,81,2,217.16,128,21.716,10,192,10,1,Regular Customers
16081,55,5,2799.42,1473,12.553452914798207,175,310,223,2,Loyal Customers
16083,100,2,1317.62,908,42.50387096774193,31,259,31,0,Low Engagement
16084,298,1,436.18,216,11.47842105263158,38,0,38,1,Regular Customers
16085,22,5,981.51,636,5.877305389221557,123,297,167,0,Low Engagement
16086,58,5,1121.39,511,28.753589743589746,24,307,39,0,Low Engagement
16091,154,2,315.06,154,17.503333333333334,16,43,18,1,Regular Customers
16092,114,3,817.86,628,16.036470588235293,37,139,51,0,Low Engagement
16093,106,1,17.0,20,17.0,1,0,1,1,Regular Customers
16094,11,4,1078.23,647,17.114761904761906,48,207,63,0,Low Engagement
16096,263,1,320.62,155,26.718333333333334,12,0,12,1,Regular Customers
16097,239,1,185.04999999999998,87,18.505,10,0,10,1,Regular Customers
16098,87,7,2005.63,613,29.934776119402986,34,286,67,0,Low Engagement
16099,49,3,731.9,434,18.766666666666666,29,175,39,0,Low Engagement
16101,70,1,1290.7,757,16.982894736842105,76,0,76,0,Low Engagement
16102,41,3,1842.14,942,32.31824561403509,41,86,57,0,Low Engagement
16103,6,6,1429.64,558,29.784166666666668,30,226,48,0,Low Engagement
16104,61,1,298.21,122,10.650357142857143,28,0,28,1,Regular Customers
16105,248,1,336.96,330,25.919999999999998,13,0,13,1,Regular Customers
16106,65,1,108.38,74,18.063333333333333,6,0,6,1,Regular Customers
16107,17,7,2329.46,838,86.2762962962963,16,165,27,3,VIP Customers
16108,84,1,842.5,615,17.552083333333332,48,0,48,0,Low Engagement
16109,218,2,611.88,612,33.99333333333333,18,89,18,1,Regular Customers
16110,44,3,1320.95,720,3.8624269005847953,283,266,342,2,Loyal Customers
16112,142,4,195.73999999999998,574,12.233749999999999,15,195,16,0,Low Engagement
16113,182,1,161.38,176,5.379333333333333,30,0,30,1,Regular Customers
16114,170,1,135.75000000000003,43,16.968750000000004,8,0,8,1,Regular Customers
16115,9,8,1660.8799999999999,994,5.952974910394265,169,282,279,2,Loyal Customers
16116,211,1,612.78,248,18.02294117647059,34,0,34,1,Regular Customers
16117,189,1,232.21,130,7.740333333333334,30,0,30,1,Regular Customers
16119,7,2,423.36,240,26.46,14,64,16,0,Low Engagement
16120,58,4,1309.14,878,43.638000000000005,26,0,30,0,Low Engagement
16121,56,2,854.66,576,4.189509803921569,170,158,204,0,Low Engagement
16122,72,4,684.4200000000001,1128,18.01105263157895,26,293,38,0,Low Engagement
16123,51,1,307.78,170,19.23625,16,0,16,1,Regular Customers
16124,316,1,249.0,48,22.636363636363637,11,0,11,1,Regular Customers
16125,366,1,289.35,124,22.25769230769231,13,0,13,1,Regular Customers
16126,28,4,6287.77,2125,53.741623931623934,57,267,117,2,Loyal Customers
16127,38,1,656.25,323,16.40625,40,0,40,0,Low Engagement
16128,17,5,1880.22,988,21.126067415730336,76,264,89,0,Low Engagement
16131,51,6,3506.54,1802,44.95564102564102,55,188,78,0,Low Engagement
16133,3,33,12888.64,8301,38.93848942598187,218,314,331,2,Loyal Customers
16134,21,2,618.09,371,17.659714285714287,34,337,35,0,Low Engagement
16135,262,1,517.55,209,24.645238095238092,21,0,21,1,Regular Customers
16136,59,3,709.38,440,19.172432432432434,35,217,37,0,Low Engagement
16139,18,3,635.41,330,20.497096774193547,25,187,31,0,Low Engagement
16140,65,2,725.18,730,20.71942857142857,32,305,35,0,Low Engagement
16141,87,1,620.4,238,20.68,30,0,30,1,Regular Customers
16142,249,1,535.34,422,14.46864864864865,37,0,37,1,Regular Customers
16143,2,6,2174.94,917,18.74948275862069,74,365,116,2,Loyal Customers
16144,246,1,175.2,16,175.2,1,0,1,3,VIP Customers
16145,8,11,3799.4900000000002,3123,16.96200892857143,134,351,224,2,Loyal Customers
16146,156,3,734.13,427,25.314827586206896,26,74,29,0,Low Engagement
16147,133,1,375.0,246,17.045454545454547,22,0,22,1,Regular Customers
16148,295,1,76.32000000000001,72,76.32000000000001,1,0,1,3,VIP Customers
16149,4,2,280.52,308,15.584444444444443,18,137,18,0,Low Engagement
16150,42,5,2053.02,1047,17.547179487179488,91,329,117,2,Loyal Customers
16152,268,1,1829.04,642,63.070344827586204,29,0,29,3,VIP Customers
16153,49,5,1824.23,1073,20.496966292134832,78,305,89,0,Low Engagement
16156,8,9,3092.04,1273,24.1565625,108,302,128,2,Loyal Customers
16157,15,3,656.69,347,36.482777777777784,12,56,18,0,Low Engagement
16159,281,1,348.2,236,24.87142857142857,14,0,14,1,Regular Customers
16160,64,2,793.4399999999999,1002,41.76,19,20,19,0,Low Engagement
16161,1,19,5533.67,2583,11.748768577494692,286,367,471,2,Loyal Customers
16162,251,1,37.4,4,18.7,2,0,2,1,Regular Customers
16163,364,1,237.6,68,59.4,4,0,4,1,Regular Customers
16164,16,3,822.48,433,24.19058823529412,27,25,34,0,Low Engagement
16168,10,25,3070.34,1578,32.31936842105263,56,359,95,2,Loyal Customers
16169,7,4,1822.97,1325,21.44670588235294,71,67,85,0,Low Engagement
16170,50,6,1885.05,1770,15.0804,106,197,125,2,Loyal Customers
16171,58,1,73.2,24,24.400000000000002,3,0,3,1,Regular Customers
16172,94,5,1140.21,787,16.524782608695652,52,146,69,0,Low Engagement
16173,15,6,1418.32,575,16.884761904761906,70,82,84,0,Low Engagement
16174,125,3,551.95,211,26.283333333333335,19,25,21,1,Regular Customers
16175,93,4,1037.59,533,17.889482758620687,45,145,58,0,Low Engagement
16177,49,1,331.95,95,22.13,15,0,15,1,Regular Customers
16178,137,1,197.9,94,24.7375,8,0,8,1,Regular Customers
16179,60,1,215.83,99,19.62090909090909,11,0,11,1,Regular Customers
16180,99,8,10254.18,5867,63.29740740740741,90,152,162,2,Loyal Customers
16181,72,1,305.54,152,27.776363636363637,11,0,11,1,Regular Customers
16182,71,4,1538.65,891,109.90357142857144,11,222,14,3,VIP Customers
16183,66,1,338.71000000000004,113,22.58066666666667,15,0,15,1,Regular Customers
16184,63,6,1158.79,561,25.750888888888888,26,147,45,0,Low Engagement
16185,16,2,529.41,260,17.07774193548387,31,215,31,0,Low Engagement
16186,22,12,4006.94,3020,18.38045871559633,87,349,218,2,Loyal Customers
16187,31,15,6911.4400000000005,5048,23.428610169491527,160,252,295,2,Loyal Customers
16188,44,4,981.86,782,14.654626865671641,65,198,67,0,Low Engagement
16189,15,2,215.48,134,19.58909090909091,9,69,11,1,Regular Customers
16190,39,1,215.08,88,35.84666666666667,6,0,6,1,Regular Customers
16191,2,12,4609.32,2679,34.919090909090905,64,357,132,2,Loyal Customers
16193,236,1,314.45,219,16.55,19,0,19,1,Regular Customers
16198,74,1,400.68100000000004,129,26.71206666666667,15,0,15,1,Regular Customers
16200,3,2,1068.8700000000001,516,6.21436046511628,149,159,172,0,Low Engagement
16201,2,4,1863.47,1286,16.78801801801802,74,106,111,0,Low Engagement
16202,360,1,365.27,191,20.292777777777776,18,0,18,1,Regular Customers
16203,58,4,592.9,262,16.939999999999998,27,313,35,0,Low Engagement
16204,22,1,384.18,218,7.6836,45,0,50,1,Regular Customers
16205,30,4,751.03,512,7.823229166666667,72,148,96,0,Low Engagement
16206,54,4,537.0600000000001,272,8.524761904761906,52,272,63,0,Low Engagement
16207,24,1,394.38,140,20.756842105263157,19,0,19,1,Regular Customers
16208,44,2,664.26,333,10.064545454545454,61,244,66,0,Low Engagement
16209,88,5,1042.22,819,23.160444444444444,36,157,45,0,Low Engagement
16210,1,17,5536.54,2974,50.332181818181816,73,372,110,2,Loyal Customers
16211,88,1,547.02,154,23.783478260869565,23,0,23,1,Regular Customers
16212,18,2,690.34,244,16.837560975609758,40,264,41,0,Low Engagement
16213,78,1,159.0,48,26.5,6,0,6,1,Regular Customers
16214,170,3,1062.75,420,24.15340909090909,36,98,44,0,Low Engagement
16215,80,1,242.35,104,17.310714285714287,14,0,14,1,Regular Customers
16216,266,1,914.9300000000001,254,24.72783783783784,37,0,37,1,Regular Customers
16217,234,2,304.25,91,20.283333333333335,13,46,15,1,Regular Customers
16218,29,7,3084.68,2088,36.72238095238095,56,343,84,2,Loyal Customers
16221,36,3,860.86,714,9.061684210526316,90,330,95,0,Low Engagement
16222,317,1,773.5500000000001,325,6.340573770491804,120,0,122,1,Regular Customers
16224,56,4,1295.3,1116,13.492708333333333,90,192,96,0,Low Engagement
16225,44,5,1096.32,493,8.181492537313432,109,232,134,0,Low Engagement
16226,202,3,255.12,192,31.89,6,32,8,1,Regular Customers
16227,224,1,314.22,90,52.370000000000005,6,0,6,1,Regular Customers
16229,86,2,1010.6,318,21.50212765957447,46,125,47,0,Low Engagement
16230,189,2,542.03,365,15.486571428571429,32,30,35,1,Regular Customers
16232,43,4,990.88,550,26.78054054054054,24,171,37,0,Low Engagement
16233,70,3,536.6800000000001,174,24.394545454545458,22,295,22,0,Low Engagement
16235,40,4,857.31,329,19.051333333333332,41,291,45,0,Low Engagement
16236,77,1,432.2,184,21.61,20,0,20,1,Regular Customers
16239,56,2,414.2,228,21.8,18,132,19,0,Low Engagement
16240,23,2,3221.3,1589,24.2203007518797,124,53,133,0,Low Engagement
16241,9,13,2590.31,1443,3.9546717557251907,347,360,655,2,Loyal Customers
16242,7,7,3579.86,1969,12.259794520547945,184,268,292,2,Loyal Customers
16243,33,2,409.1,110,8.02156862745098,49,21,51,1,Regular Customers
16244,211,2,1522.75,855,16.733516483516482,88,160,91,0,Low Engagement
16245,23,3,1413.66,1014,15.707333333333334,80,233,90,0,Low Engagement
16247,169,1,114.56,182,7.16,16,0,16,1,Regular Customers
16248,61,1,152.94,78,21.84857142857143,7,0,7,1,Regular Customers
16249,52,5,1800.07,950,26.08797101449275,67,186,69,0,Low Engagement
16250,260,2,389.44,208,16.226666666666667,22,112,24,1,Regular Customers
16253,66,2,3683.86,3233,29.95008130081301,114,188,123,0,Low Engagement
16255,16,8,2619.91,1767,9.70337037037037,146,348,270,2,Loyal Customers
16256,266,1,752.4300000000001,581,57.87923076923077,13,0,13,3,VIP Customers
16257,176,1,46.95,2,23.475,2,0,2,1,Regular Customers
16258,44,5,4177.81,1884,31.89167938931298,109,173,131,2,Loyal Customers
16260,50,1,831.45,231,48.90882352941177,17,0,17,1,Regular Customers
16261,16,4,728.54,301,6.122184873949579,98,228,119,0,Low Engagement
16265,8,9,5447.0,2646,21.112403100775193,164,355,258,2,Loyal Customers
16266,73,7,861.89,398,14.129344262295081,44,132,61,0,Low Engagement
16268,70,2,667.65,533,14.836666666666666,45,0,45,0,Low Engagement
16270,352,1,1141.24,688,21.134074074074075,54,0,54,1,Regular Customers
16271,2,5,1404.64,1024,10.804923076923078,89,355,130,2,Loyal Customers
16272,116,1,411.7,224,16.468,25,0,25,1,Regular Customers
16274,372,1,331.55,151,5.262698412698413,63,0,63,1,Regular Customers
16275,196,1,559.87,336,16.965757575757575,33,0,33,1,Regular Customers
16276,176,1,277.8,132,55.56,5,0,5,1,Regular Customers
16278,99,1,346.38,112,15.744545454545454,22,0,22,1,Regular Customers
16279,20,3,1502.78,1046,14.177169811320754,102,155,106,0,Low Engagement
16281,71,1,1252.06,718,89.43285714285715,14,0,14,3,VIP Customers
16282,339,1,168.3,114,15.3,11,0,11,1,Regular Customers
16283,5,5,1569.11,1234,9.509757575757575,116,202,165,0,Low Engagement
16284,30,2,812.68,535,7.89009708737864,87,19,103,0,Low Engagement
16287,169,1,142.5,298,17.8125,8,0,8,1,Regular Customers
16292,121,1,302.25,191,17.779411764705884,17,0,17,1,Regular Customers
16293,21,10,2248.9900000000002,982,19.059237288135595,102,345,118,2,Loyal Customers
16295,9,4,1328.55,841,16.817088607594936,70,54,79,0,Low Engagement
16297,268,1,301.9,206,15.094999999999999,20,0,20,1,Regular Customers
16298,22,3,598.2,198,22.15555555555556,22,164,27,0,Low Engagement
16302,126,1,233.22,158,21.201818181818183,11,0,11,1,Regular Customers
16303,25,3,5360.63,2659,33.09030864197531,119,307,162,2,Loyal Customers
16305,138,1,361.21999999999997,256,16.419090909090908,22,0,22,1,Regular Customers
16306,213,6,632.27,487,15.42121951219512,36,153,41,0,Low Engagement
16309,105,2,706.57,467,16.823095238095238,39,134,42,0,Low Engagement
16311,17,2,616.26,394,16.655675675675674,35,31,37,0,Low Engagement
16313,2,2,274.15000000000003,165,17.134375000000002,16,46,16,1,Regular Customers
16315,330,1,226.37,75,16.169285714285714,14,0,14,1,Regular Customers
16316,63,8,2438.91,1480,16.368523489932883,118,293,149,2,Loyal Customers
16317,119,3,1341.65,890,19.444202898550724,64,177,69,0,Low Engagement
16318,34,1,328.15,199,17.271052631578947,19,0,19,1,Regular Customers
16319,217,1,404.40000000000003,72,134.8,3,0,3,3,VIP Customers
16320,171,2,1038.46,732,18.543928571428573,56,40,56,0,Low Engagement
16321,71,5,373.65000000000003,135,31.137500000000003,7,251,12,0,Low Engagement
16322,0,2,326.75,231,8.83108108108108,28,35,37,0,Low Engagement
16324,127,3,408.59000000000003,270,3.6809909909909915,100,48,111,0,Low Engagement
16325,46,3,594.24,194,33.013333333333335,14,198,18,0,Low Engagement
16326,5,14,3039.2200000000003,682,10.130733333333334,158,328,300,2,Loyal Customers
16327,13,6,3789.67,2524,11.992626582278481,141,355,316,2,Loyal Customers
16330,17,3,251.91,147,6.4592307692307696,39,94,39,0,Low Engagement
16332,27,7,1582.8,797,10.482119205298012,125,277,151,2,Loyal Customers
16333,191,3,669.44,560,167.36,3,60,4,3,VIP Customers
16337,36,1,151.05,87,15.105,10,0,10,1,Regular Customers
16338,156,1,214.79999999999998,94,19.527272727272727,11,0,11,1,Regular Customers
16339,283,1,94.05,21,5.225,17,0,18,1,Regular Customers
16340,106,1,534.31,486,3.789432624113475,124,0,141,0,Low Engagement
16341,24,4,1971.87,1398,25.6087012987013,60,176,77,0,Low Engagement
16342,74,4,322.41,157,21.494000000000003,10,104,15,1,Regular Customers
16343,15,2,328.58,175,7.641395348837209,29,0,43,1,Regular Customers
16344,157,1,101.10000000000001,18,50.550000000000004,1,0,2,1,Regular Customers
16345,43,1,565.46,288,15.282702702702704,35,0,37,1,Regular Customers
16347,10,2,847.45,341,9.97,61,25,85,0,Low Engagement
16348,31,7,1413.31,799,6.395067873303168,156,207,221,2,Loyal Customers
16349,290,1,53.5,9,5.944444444444445,9,0,9,1,Regular Customers
16350,20,4,1116.47,545,19.58719298245614,40,312,57,0,Low Engagement
16351,332,1,153.9,90,19.2375,8,0,8,1,Regular Customers
16352,17,2,494.44,300,17.658571428571427,28,20,28,0,Low Engagement
16353,17,16,2839.31,1214,35.05320987654321,51,341,81,2,Loyal Customers
16354,62,2,395.8,150,10.148717948717948,38,9,39,1,Regular Customers
16356,197,3,211.77,93,6.831290322580646,20,79,31,1,Regular Customers
16357,32,3,658.88,246,19.378823529411765,31,180,34,0,Low Engagement
16358,0,4,2027.5,1302,18.60091743119266,82,183,109,0,Low Engagement
16359,6,8,1521.96,967,23.41476923076923,39,324,65,0,Low Engagement
16360,4,6,3450.41,2110,5.425172955974842,365,83,636,2,Loyal Customers
16361,9,4,891.21,418,8.569326923076924,87,61,104,0,Low Engagement
16362,31,5,709.99,340,9.220649350649351,58,58,77,0,Low Engagement
16363,52,1,109.36000000000001,52,21.872000000000003,5,0,5,1,Regular Customers
16364,11,2,705.79,279,13.572884615384615,48,125,52,0,Low Engagement
16365,17,8,918.12,406,18.737142857142857,45,349,49,0,Low Engagement
16366,18,1,327.3,256,18.183333333333334,18,0,18,1,Regular Customers
16367,36,2,800.67,643,6.304488188976378,123,325,127,0,Low Engagement
16368,1,2,479.91,251,6.955217391304348,58,25,69,0,Low Engagement
16369,17,3,1543.33,1026,13.420260869565217,90,178,115,0,Low Engagement
16370,81,4,1301.91,640,5.890995475113122,143,142,221,0,Low Engagement
16372,32,2,355.73,158,3.866630434782609,86,0,92,0,Low Engagement
16374,65,2,458.78000000000003,236,4.247962962962963,100,196,108,0,Low Engagement
16376,8,2,974.96,691,7.991475409836066,104,8,122,0,Low Engagement
16377,266,1,286.2,900,71.55,4,0,4,3,VIP Customers
16378,246,3,362.95,267,15.780434782608696,22,63,23,1,Regular Customers
16379,3,4,2157.4,1410,19.975925925925928,87,74,108,0,Low Engagement
16380,60,1,771.15,1108,26.591379310344827,26,0,29,0,Low Engagement
16383,74,2,643.76,467,6.568979591836735,80,193,98,0,Low Engagement
16384,89,2,584.5,260,17.71212121212121,33,174,33,0,Low Engagement
16385,59,3,554.86,258,9.734385964912281,52,306,57,0,Low Engagement
16386,28,2,302.57,205,3.735432098765432,76,225,81,0,Low Engagement
16387,322,1,94.36,44,23.59,4,0,4,1,Regular Customers
16389,52,4,1382.07,1242,40.64911764705882,33,229,34,0,Low Engagement
16392,269,1,217.89,201,5.067209302325581,41,0,43,1,Regular Customers
16393,1,13,3040.96,1573,9.299571865443426,120,366,327,2,Loyal Customers
16394,56,5,1555.34,2604,18.73903614457831,61,232,83,0,Low Engagement
16395,60,5,1482.06,1472,7.194466019417476,150,270,206,2,Loyal Customers
16398,153,2,1705.8,758,20.802439024390242,75,99,82,0,Low Engagement
16399,18,2,406.21999999999997,245,5.721408450704225,67,216,71,0,Low Engagement
16400,94,1,303.93,172,10.480344827586206,28,0,29,1,Regular Customers
16401,0,12,4098.32,3882,22.033978494623653,66,326,186,2,Loyal Customers
16402,264,2,293.45,146,5.148245614035088,55,104,57,1,Regular Customers
16403,311,1,177.5,114,17.75,10,0,10,1,Regular Customers
16404,69,1,443.05,157,19.26304347826087,23,0,23,1,Regular Customers
16405,301,2,167.25,187,33.45,3,7,5,1,Regular Customers
16406,18,1,154.35,116,2.661206896551724,54,0,58,1,Regular Customers
16407,12,10,2079.68,1093,12.379047619047618,99,299,168,2,Loyal Customers
16409,35,5,2022.98,1304,8.757489177489177,145,281,231,2,Loyal Customers
16411,18,2,211.7,131,4.8113636363636365,41,349,44,0,Low Engagement
16412,53,1,135.99,63,4.533,25,0,30,1,Regular Customers
16413,56,1,262.2,148,8.458064516129031,30,0,31,1,Regular Customers
16414,21,2,126.25,27,18.035714285714285,5,258,7,1,Regular Customers
16415,43,1,200.27,178,4.2610638297872345,45,0,47,1,Regular Customers
16416,26,3,1051.4,672,14.808450704225354,59,29,71,0,Low Engagement
16418,44,3,631.12,280,6.643368421052632,76,181,95,0,Low Engagement
16419,112,6,958.71,428,19.1742,36,199,50,0,Low Engagement
16422,16,51,22416.44,27068,70.49194968553459,62,351,318,2,Loyal Customers
16423,24,1,346.12,230,19.22888888888889,18,0,18,1,Regular Customers
16424,190,1,133.56,88,26.712,5,0,5,1,Regular Customers
16425,301,1,302.7,199,14.414285714285715,21,0,21,1,Regular Customers
16426,1,10,1863.76,1215,5.279773371104816,211,273,353,2,Loyal Customers
16427,262,2,241.06,156,26.784444444444446,8,21,9,1,Regular Customers
16429,105,1,4.95,1,4.95,1,0,1,1,Regular Customers
16430,56,1,300.85,103,50.14166666666667,6,0,6,1,Regular Customers
16431,212,3,623.28,442,8.201052631578946,51,84,76,0,Low Engagement
16432,63,1,287.4,276,35.925,8,0,8,1,Regular Customers
16433,27,1,184.26,106,10.838823529411764,17,0,17,1,Regular Customers
16434,28,7,1511.8,760,14.128971962616822,88,270,107,0,Low Engagement
16438,5,5,798.35,463,6.04810606060606,74,76,132,0,Low Engagement
16440,7,5,3640.67,2018,12.91017730496454,186,206,282,2,Loyal Customers
16441,66,2,381.2,173,15.883333333333333,22,224,24,0,Low Engagement
16442,1,3,609.3,443,3.563157894736842,161,359,171,0,Low Engagement
16444,45,4,654.67,407,7.793690476190475,68,218,84,0,Low Engagement
16445,33,1,230.51,111,3.658888888888889,62,0,63,1,Regular Customers
16446,205,1,2.9,2,1.45,2,0,2,1,Regular Customers
16447,135,1,255.91,221,7.526764705882353,34,0,34,1,Regular Customers
16448,197,1,182.99,76,9.631052631578948,19,0,19,1,Regular Customers
16449,197,2,707.69,367,17.69225,40,82,40,1,Regular Customers
16450,149,1,311.92,200,28.35636363636364,11,0,11,1,Regular Customers
16451,87,1,266.97,120,19.069285714285716,14,0,14,1,Regular Customers
16454,63,1,5.9,2,5.9,1,0,1,1,Regular Customers
16455,63,7,1841.18,988,18.59777777777778,69,307,99,0,Low Engagement
16456,98,5,2158.18,1147,19.61981818181818,80,273,110,0,Low Engagement
16457,217,1,208.36,140,23.151111111111113,9,0,9,1,Regular Customers
16458,2,18,3482.7400000000002,2154,17.241287128712873,52,357,202,2,Loyal Customers
16460,27,3,811.23,876,6.145681818181818,128,53,132,0,Low Engagement
16461,177,1,142.92,48,4.46625,31,0,32,1,Regular Customers
16462,73,3,136.0,16,45.333333333333336,1,210,3,1,Regular Customers
16463,20,4,1422.4,1163,17.346341463414635,74,182,82,0,Low Engagement
16464,19,3,1298.66,952,5.646347826086957,152,122,230,0,Low Engagement
16466,33,7,1595.96,785,10.931232876712329,103,258,146,2,Loyal Customers
16468,73,1,74.9,31,37.45,2,0,2,1,Regular Customers
16469,23,4,625.42,260,3.6574269005847952,148,222,171,0,Low Engagement
16470,51,4,752.77,522,4.590060975609756,120,307,164,0,Low Engagement
16471,274,1,223.95000000000002,141,17.22692307692308,13,0,13,1,Regular Customers
16473,164,3,316.11,196,17.561666666666667,18,171,18,1,Regular Customers
16474,6,7,1810.49,907,5.388363095238096,236,137,336,2,Loyal Customers
16475,87,4,544.3,319,19.439285714285713,23,185,28,0,Low Engagement
16477,63,7,2494.46,1415,17.085342465753424,111,307,146,2,Loyal Customers
16478,24,3,331.0,224,19.470588235294116,15,40,17,1,Regular Customers
16479,9,2,300.83,102,8.595142857142857,35,0,35,1,Regular Customers
16480,75,1,769.29,455,14.514905660377357,51,0,53,0,Low Engagement
16482,15,1,220.62,346,12.256666666666668,18,0,18,1,Regular Customers
16483,191,1,139.35,44,7.334210526315789,19,0,19,1,Regular Customers
16484,173,2,404.3,200,16.172,25,17,25,1,Regular Customers
16485,76,1,363.65,235,8.658333333333333,41,0,42,1,Regular Customers
16488,32,3,498.8,728,17.2,28,115,29,0,Low Engagement
16491,46,1,731.5,478,18.756410256410255,39,0,39,0,Low Engagement
16493,79,4,1351.63,1164,24.13625,40,250,56,0,Low Engagement
16494,296,1,826.53,675,16.5306,47,0,50,1,Regular Customers
16495,2,3,648.26,328,7.366590909090909,78,272,88,0,Low Engagement
16496,8,3,1599.52,1111,16.837052631578945,92,308,95,0,Low Engagement
16497,49,6,2965.69,1396,21.80654411764706,128,283,136,2,Loyal Customers
16498,160,2,100.97,45,6.731333333333334,15,0,15,1,Regular Customers
16499,359,2,365.45,127,19.23421052631579,18,4,19,1,Regular Customers
16500,4,6,400.86,123,36.441818181818185,8,326,11,0,Low Engagement
16503,106,4,1431.93,569,17.046785714285715,71,253,84,0,Low Engagement
16504,24,1,465.88,510,5.613012048192771,76,0,83,0,Low Engagement
16505,31,1,419.03999999999996,432,139.67999999999998,3,0,3,3,VIP Customers
16506,19,2,90.30000000000001,42,30.100000000000005,3,20,3,1,Regular Customers
16509,296,1,363.7,64,27.976923076923075,13,0,13,1,Regular Customers
16510,371,1,248.1,92,19.084615384615383,13,0,13,1,Regular Customers
16511,21,3,916.33,401,5.799556962025317,134,244,158,0,Low Engagement
16513,4,4,874.59,407,24.988285714285716,33,38,35,0,Low Engagement
16515,51,5,1624.14,826,14.631891891891893,89,259,111,0,Low Engagement
16516,29,1,101.69999999999999,58,16.95,6,0,6,1,Regular Customers
16517,276,1,162.7,96,9.570588235294117,17,0,17,1,Regular Customers
16518,60,2,484.32,327,12.108,36,222,40,0,Low Engagement
16519,24,2,212.98,53,17.74833333333333,12,340,12,0,Low Engagement
16520,185,3,1046.57,558,6.708782051282051,129,179,156,0,Low Engagement
16523,1,21,9418.470000000001,4265,32.477482758620695,151,313,290,2,Loyal Customers
16525,1,26,12697.45,7197,69.7662087912088,75,364,182,2,Loyal Customers
16526,171,1,290.36,106,19.357333333333333,15,0,15,1,Regular Customers
16527,80,1,228.06,106,16.29,14,0,14,1,Regular Customers
16528,3,1,244.41,171,14.377058823529412,17,0,17,1,Regular Customers
16529,189,1,455.25,198,15.175,30,0,30,1,Regular Customers
16531,21,7,1244.59,915,16.163506493506492,68,338,77,0,Low Engagement
16533,18,3,1082.81,611,6.1523295454545455,112,48,176,0,Low Engagement
16535,4,1,593.75,356,19.153225806451612,31,0,31,0,Low Engagement
16536,109,1,548.12,250,10.15037037037037,49,0,54,1,Regular Customers
16539,2,4,1388.81,477,30.862444444444442,36,370,45,0,Low Engagement
16542,53,1,119.62,46,23.924,5,0,5,1,Regular Customers
16545,164,1,101.7,30,50.85,2,0,2,1,Regular Customers
16546,290,2,787.15,549,31.486,25,81,25,1,Regular Customers
16549,9,10,4034.9,2294,4.362054054054054,445,324,925,2,Loyal Customers
16550,108,5,2298.97,1540,9.159243027888445,162,259,251,2,Loyal Customers
16551,95,3,922.12,970,28.81625,26,240,32,0,Low Engagement
16552,242,2,379.73,219,22.337058823529414,17,130,17,1,Regular Customers
16553,162,11,5049.02,4336,62.333580246913584,60,197,81,2,Loyal Customers
16554,41,3,837.1,402,16.098076923076924,51,289,52,0,Low Engagement
16555,34,2,285.89,175,16.81705882352941,15,74,17,1,Regular Customers
16556,66,7,3313.79,1890,16.008647342995168,144,293,207,2,Loyal Customers
16557,23,2,281.85,111,25.622727272727275,11,113,11,1,Regular Customers
16558,0,20,8086.49,5257,17.617625272331153,264,365,459,2,Loyal Customers
16560,26,2,841.41,500,15.02517857142857,52,331,56,0,Low Engagement
16561,5,2,511.12,244,16.48774193548387,29,54,31,0,Low Engagement
16563,53,1,845.74,326,46.98555555555556,18,0,18,1,Regular Customers
16565,363,1,173.7,46,57.9,3,0,3,1,Regular Customers
16566,14,5,614.66,362,34.147777777777776,14,277,18,0,Low Engagement
16567,193,2,865.6,996,24.731428571428573,34,142,35,0,Low Engagement
16569,2,1,124.2,93,24.84,5,0,5,1,Regular Customers
16570,14,10,3738.4,2112,29.66984126984127,68,296,126,2,Loyal Customers
16571,26,3,1421.69,1239,16.34126436781609,73,255,87,0,Low Engagement
16572,126,3,1009.6,532,17.712280701754388,40,148,57,0,Low Engagement
16573,84,2,663.61,360,15.800238095238095,40,205,42,0,Low Engagement
16574,70,1,451.44,416,16.122857142857143,28,0,28,1,Regular Customers
16581,182,1,105.84,134,11.76,9,0,9,1,Regular Customers
16582,112,1,313.62,164,52.27,6,0,6,1,Regular Customers
16583,373,1,233.45,111,16.675,14,0,14,1,Regular Customers
16584,79,2,936.08,646,33.431428571428576,25,174,28,0,Low Engagement
16586,248,1,463.95,95,57.99375,8,0,8,1,Regular Customers
16587,231,1,225.15,71,17.31923076923077,13,0,13,1,Regular Customers
16589,70,3,459.24,368,13.916363636363636,31,90,33,0,Low Engagement
16591,68,1,213.5,41,21.35,10,0,10,1,Regular Customers
16592,3,16,4113.68,2927,19.044814814814817,142,283,216,2,Loyal Customers
16593,50,3,330.03,116,12.223333333333333,24,277,27,0,Low Engagement
16594,74,1,181.09,64,3.416792452830189,53,0,53,1,Regular Customers
16595,60,1,360.16,335,4.237176470588236,83,0,85,0,Low Engagement
16596,15,2,250.15,97,20.845833333333335,12,350,12,0,Low Engagement
16597,3,1,90.04,184,12.862857142857143,7,0,7,1,Regular Customers
16598,285,1,145.04999999999998,73,14.504999999999999,10,0,10,1,Regular Customers
16600,3,6,813.52,1145,13.121290322580645,50,334,62,0,Low Engagement
16601,40,1,241.53,130,8.328620689655173,28,0,29,1,Regular Customers
16602,35,1,528.08,336,18.209655172413793,29,0,29,1,Regular Customers
16603,74,2,482.47,480,14.19029411764706,34,16,34,0,Low Engagement
16607,17,13,2802.71,2856,16.486529411764707,139,341,170,2,Loyal Customers
16609,14,7,5493.46,2420,19.903840579710145,155,237,276,2,Loyal Customers
16610,218,1,75.66,66,12.61,6,0,6,1,Regular Customers
16611,185,1,129.49,47,12.949000000000002,9,0,10,1,Regular Customers
16612,32,4,1187.66,506,17.994848484848486,48,278,66,0,Low Engagement
16613,69,1,618.59,293,20.619666666666667,30,0,30,1,Regular Customers
16614,182,1,506.19,223,19.468846153846155,26,0,26,1,Regular Customers
16616,14,2,500.42,370,15.164242424242424,31,142,33,0,Low Engagement
16617,235,1,151.85,91,30.369999999999997,5,0,5,1,Regular Customers
16618,30,5,2647.59,1363,27.579062500000003,79,291,96,2,Loyal Customers
16619,263,1,226.21,133,16.157857142857143,14,0,14,1,Regular Customers
16620,3,2,178.96,88,19.884444444444444,9,257,9,1,Regular Customers
16621,51,4,813.48,302,28.05103448275862,22,226,29,0,Low Engagement
16623,245,1,129.45,39,25.889999999999997,5,0,5,1,Regular Customers
16624,80,2,810.5699999999999,488,16.886875,44,116,48,0,Low Engagement
16625,274,1,333.08,164,14.481739130434782,23,0,23,1,Regular Customers
16626,0,17,4413.1,2690,24.65418994413408,86,265,179,2,Loyal Customers
16627,78,1,322.8,162,16.14,20,0,20,1,Regular Customers
16628,29,5,2188.05,1205,18.701282051282053,79,205,117,0,Low Engagement
16629,73,2,408.63,489,6.8105,58,22,60,0,Low Engagement
16633,16,6,2883.1,1138,18.967763157894737,115,216,152,2,Loyal Customers
16634,222,2,217.9,82,24.211111111111112,9,149,9,1,Regular Customers
16637,31,4,1154.47,927,16.73144927536232,66,193,69,0,Low Engagement
16638,22,10,1680.72,1255,17.88,92,346,94,2,Loyal Customers
16639,30,3,1257.51,510,25.150199999999998,48,204,50,0,Low Engagement
16641,105,1,231.10000000000002,256,19.258333333333336,12,0,12,1,Regular Customers
16642,4,2,688.33,479,20.245,32,202,34,0,Low Engagement
16643,245,1,487.51,269,18.055925925925926,27,0,27,1,Regular Customers
16644,177,2,833.78,826,13.448064516129032,62,34,62,0,Low Engagement
16647,169,2,214.06,146,15.290000000000001,12,35,14,1,Regular Customers
16648,42,1,290.65999999999997,281,15.297894736842103,19,0,19,1,Regular Customers
16650,71,1,518.42,372,21.60083333333333,24,0,24,1,Regular Customers
16652,58,7,6773.97,3283,57.406525423728816,74,214,118,2,Loyal Customers
16653,15,2,1212.66,733,17.574782608695653,67,55,69,0,Low Engagement
16654,140,4,601.27,282,20.733448275862067,29,227,29,0,Low Engagement
16655,17,6,3585.52,2283,13.951439688715952,208,314,257,2,Loyal Customers
16656,21,15,5700.8,7538,87.7046153846154,14,342,65,2,Loyal Customers
16657,9,4,874.43,1130,4.554322916666666,158,244,192,0,Low Engagement
16658,367,1,123.24,40,15.405,8,0,8,1,Regular Customers
16659,188,1,39.12,72,19.56,2,0,2,1,Regular Customers
16660,15,3,810.45,451,54.03,15,303,15,0,Low Engagement
16665,361,1,135.39999999999998,59,15.044444444444443,9,0,9,1,Regular Customers
16666,18,1,118.98,233,3.718125,32,0,32,1,Regular Customers
16667,67,2,567.1800000000001,236,10.907307692307693,52,216,52,0,Low Engagement
16668,14,6,306.71999999999997,318,15.335999999999999,9,269,20,0,Low Engagement
16669,23,2,1344.48,871,8.73038961038961,140,54,154,0,Low Engagement
16670,16,11,4095.9,2556,16.25357142857143,179,341,252,2,Loyal Customers
16671,27,2,309.39,219,103.13,2,7,3,3,VIP Customers
16672,1,20,7908.14,2724,69.98353982300885,22,264,113,2,Loyal Customers
16674,54,2,304.24,181,3.2713978494623657,89,43,93,0,Low Engagement
16676,33,4,1592.1200000000001,636,17.888988764044946,75,303,89,0,Low Engagement
16678,2,12,3109.99,2397,19.07969325153374,92,280,163,2,Loyal Customers
16679,365,1,129.75,29,43.25,3,0,3,1,Regular Customers
16680,42,1,183.7,94,18.369999999999997,10,0,10,1,Regular Customers
16681,72,6,1770.34,1407,40.235,18,180,44,0,Low Engagement
16682,4,5,1028.0,1040,34.266666666666666,15,183,30,0,Low Engagement
16684,3,23,21059.36,22471,126.86361445783133,94,353,166,2,Loyal Customers
16685,60,2,324.24,396,5.2296774193548385,60,0,62,0,Low Engagement
16686,46,7,2959.88,1977,5.440955882352942,406,307,544,2,Loyal Customers
16688,0,4,1260.86,804,20.336451612903225,52,59,62,0,Low Engagement
16689,75,2,422.59999999999997,330,32.5076923076923,12,6,13,1,Regular Customers
16690,71,2,225.57999999999998,138,18.798333333333332,10,129,12,1,Regular Customers
16692,288,1,8.5,1,8.5,1,0,1,1,Regular Customers
16693,68,2,477.86,203,8.099322033898305,58,203,59,0,Low Engagement
16696,134,4,657.9000000000001,146,65.79,7,112,10,3,VIP Customers
16697,240,1,112.75,27,5.369047619047619,20,0,21,1,Regular Customers
16700,8,13,5076.55,4024,16.482305194805196,159,357,308,2,Loyal Customers
16701,8,13,5398.3,6393,37.488194444444446,99,352,144,2,Loyal Customers
16705,0,20,13167.69,5230,49.50259398496241,132,358,266,2,Loyal Customers
16706,36,3,531.35,249,4.319918699186992,108,76,123,0,Low Engagement
16708,45,1,656.63,285,24.31962962962963,27,0,27,1,Regular Customers
16709,84,5,3029.87,851,38.35278481012658,64,197,79,0,Low Engagement
16710,18,10,2467.99,1823,6.263934010152283,268,349,394,2,Loyal Customers
16711,2,4,1139.83,737,56.991499999999995,16,299,20,0,Low Engagement
16712,17,10,3354.06,1703,7.6927981651376145,258,258,436,2,Loyal Customers
16713,18,15,6910.78,4271,11.164426494345719,338,347,619,2,Loyal Customers
16714,218,3,879.06,587,10.221627906976744,76,98,86,0,Low Engagement
16715,77,1,301.71999999999997,642,15.879999999999999,19,0,19,1,Regular Customers
16716,266,1,166.8,24,166.8,1,0,1,3,VIP Customers
16717,23,6,3843.08,1860,19.40949494949495,176,342,198,2,Loyal Customers
16718,368,1,606.0500000000001,407,13.773863636363638,41,0,44,1,Regular Customers
16719,14,7,1770.22,1175,9.031734693877551,107,353,196,2,Loyal Customers
16720,25,1,152.95,180,6.117999999999999,25,0,25,1,Regular Customers
16721,261,1,292.47,172,7.904594594594595,37,0,37,1,Regular Customers
16722,16,13,4730.81,5001,21.025822222222224,96,351,225,2,Loyal Customers
16723,90,2,576.4,398,13.723809523809523,37,16,42,0,Low Engagement
16725,301,6,756.82,287,5.255694444444445,109,69,144,0,Low Engagement
16726,25,5,1358.74,945,7.633370786516854,121,335,178,2,Loyal Customers
16727,363,1,256.32,167,5.825454545454545,41,0,44,1,Regular Customers
16728,45,4,1048.28,671,3.9858555133079845,218,218,263,2,Loyal Customers
16729,37,21,7202.01,5718,10.995435114503817,233,203,655,2,Loyal Customers
16730,51,3,743.11,994,9.062317073170732,75,267,82,0,Low Engagement
16732,31,1,603.75,317,21.5625,28,0,28,1,Regular Customers
16734,51,3,646.76,345,12.437692307692307,44,61,52,0,Low Engagement
16735,78,5,2247.41,1532,19.374224137931034,88,255,116,0,Low Engagement
16738,297,1,3.75,3,3.75,1,0,1,1,Regular Customers
16739,176,1,323.0,172,24.846153846153847,13,0,13,1,Regular Customers
16743,28,7,2213.13,2035,11.648052631578947,89,329,190,2,Loyal Customers
16744,10,7,1291.91,798,5.4741949152542375,198,161,236,2,Loyal Customers
16745,86,17,7180.7,6719,20.227323943661972,148,225,355,2,Loyal Customers
16746,4,18,6680.11,4660,15.045292792792791,234,354,444,2,Loyal Customers
16747,37,2,836.06,583,19.906190476190474,34,30,42,0,Low Engagement
16748,17,5,1515.9,880,21.969565217391306,42,316,69,0,Low Engagement
16750,44,5,623.93,214,6.567684210526315,74,187,95,0,Low Engagement
16751,30,1,846.72,815,35.28,23,0,24,0,Low Engagement
16752,372,1,207.5,54,23.055555555555557,9,0,9,1,Regular Customers
16753,57,1,223.92000000000002,189,6.5858823529411765,34,0,34,1,Regular Customers
16755,113,3,1475.43,1058,8.942,133,201,165,0,Low Engagement
16756,214,1,239.4,106,18.415384615384617,13,0,13,1,Regular Customers
16757,318,1,106.83000000000001,81,15.261428571428572,7,0,7,1,Regular Customers
16758,64,1,369.34000000000003,203,16.78818181818182,22,0,22,1,Regular Customers
16759,7,3,789.79,609,18.804523809523808,40,23,42,0,Low Engagement
16761,96,1,316.62,341,24.355384615384615,13,0,13,1,Regular Customers
16762,19,3,1207.24,480,19.162539682539684,51,124,63,0,Low Engagement
16763,198,1,611.85,319,26.60217391304348,23,0,23,1,Regular Customers
16764,3,13,2790.9500000000003,1253,3.987071428571429,209,139,700,2,Loyal Customers
16765,293,1,34.0,4,34.0,1,0,1,1,Regular Customers
16766,272,2,1145.6,536,33.69411764705882,17,0,34,1,Regular Customers
16767,30,11,5371.56,4343,24.41618181818182,147,285,220,2,Loyal Customers
16768,47,3,478.09000000000003,196,8.85351851851852,47,224,54,0,Low Engagement
16769,259,1,361.54,80,9.51421052631579,33,0,38,1,Regular Customers
16770,57,5,757.1,456,5.407857142857143,116,314,140,0,Low Engagement
16771,32,5,2230.61,1475,8.816640316205534,199,304,253,2,Loyal Customers
16773,56,1,171.59,171,6.599615384615385,23,0,26,1,Regular Customers
16774,67,4,661.52,322,13.781666666666666,36,110,48,0,Low Engagement
16775,9,11,1691.51,439,10.773949044585986,84,357,157,2,Loyal Customers
16776,59,1,371.54,254,5.232957746478873,61,0,71,1,Regular Customers
16777,79,2,222.62,62,4.6379166666666665,45,176,48,1,Regular Customers
16778,73,2,245.94,194,15.37125,16,199,16,1,Regular Customers
16779,1,22,10377.72,5229,31.447636363636363,161,364,330,2,Loyal Customers
16780,99,2,422.24,270,7.156610169491525,51,158,59,0,Low Engagement
16781,371,1,311.25,113,18.308823529411764,17,0,17,1,Regular Customers
16782,9,13,2267.9500000000003,705,12.393169398907105,103,355,183,2,Loyal Customers
16784,19,1,107.6,24,35.86666666666667,3,0,3,1,Regular Customers
16788,122,2,592.74,303,4.032244897959184,137,131,147,0,Low Engagement
16789,7,1,80.8,32,16.16,5,0,5,1,Regular Customers
16790,3,6,1545.6200000000001,898,16.61956989247312,88,34,93,0,Low Engagement
16791,28,7,1693.03,756,5.4090415335463256,217,303,313,2,Loyal Customers
16792,281,2,110.38000000000001,44,9.198333333333334,11,0,12,1,Regular Customers
16793,56,1,243.84,146,15.24,16,0,16,1,Regular Customers
16794,0,10,1194.48,922,4.312202166064982,141,179,277,2,Loyal Customers
16795,364,1,414.88,239,6.286060606060606,64,0,66,1,Regular Customers
16796,88,1,305.62,186,16.97888888888889,18,0,18,1,Regular Customers
16800,10,1,1162.65,524,7.452884615384616,148,0,156,0,Low Engagement
16801,162,4,1594.23,493,21.2564,72,110,75,0,Low Engagement
16803,64,1,332.3,245,13.845833333333333,24,0,24,1,Regular Customers
16804,22,3,536.99,246,8.949833333333334,59,247,60,0,Low Engagement
16805,173,2,460.59,539,4.699897959183673,94,186,98,0,Low Engagement
16806,102,4,736.21,355,8.002282608695653,67,135,92,0,Low Engagement
16807,142,3,1121.59,778,16.740149253731342,57,128,67,0,Low Engagement
16808,98,2,288.42,196,12.540000000000001,21,175,23,1,Regular Customers
16809,22,5,914.69,652,6.138859060402685,79,239,149,0,Low Engagement
16810,191,1,309.54,114,20.636000000000003,15,0,15,1,Regular Customers
16811,4,2,547.07,477,19.538214285714286,26,12,28,0,Low Engagement
16812,360,1,479.35,81,31.956666666666667,15,0,15,1,Regular Customers
16813,7,10,1652.18,1501,3.878356807511737,248,196,426,2,Loyal Customers
16814,13,21,6406.8,2691,20.147169811320754,121,355,318,2,Loyal Customers
16816,102,4,417.06,274,14.895,28,254,28,0,Low Engagement
16817,2,9,1604.75,822,18.65988372093023,73,365,86,2,Loyal Customers
16818,10,11,3349.57,2164,17.81686170212766,172,194,188,2,Loyal Customers
16820,95,1,497.61,307,19.138846153846153,26,0,26,1,Regular Customers
16823,226,1,358.38,136,9.431052631578947,34,0,38,1,Regular Customers
16824,15,2,460.64,236,17.716923076923077,23,148,26,0,Low Engagement
16825,38,2,775.1800000000001,566,27.685000000000002,27,147,28,0,Low Engagement
16826,50,1,341.7,158,15.531818181818181,22,0,22,1,Regular Customers
16828,111,1,113.5,58,16.214285714285715,7,0,7,1,Regular Customers
16829,156,1,197.22,99,17.92909090909091,11,0,11,1,Regular Customers
16830,38,1,325.91,264,14.170000000000002,23,0,23,1,Regular Customers
16832,183,3,199.15,33,16.595833333333335,11,33,12,1,Regular Customers
16833,0,4,1106.53,440,23.5431914893617,46,333,47,0,Low Engagement
16834,227,1,413.46,358,17.2275,24,0,24,1,Regular Customers
16835,127,2,180.85,61,18.085,10,244,10,1,Regular Customers
16836,39,2,251.87,165,22.89727272727273,11,76,11,1,Regular Customers
16837,30,11,3170.98,1563,19.218060606060607,123,214,165,2,Loyal Customers
16838,196,2,588.85,185,23.554000000000002,24,90,25,1,Regular Customers
16839,8,34,14513.75,8587,56.25484496124031,112,360,258,2,Loyal Customers
16841,36,6,1869.82,2250,16.119137931034484,101,250,116,2,Loyal Customers
16842,100,3,1264.19,693,20.066507936507936,45,201,63,0,Low Engagement
16843,42,16,10196.57,10159,26.97505291005291,226,284,378,2,Loyal Customers
16846,49,1,214.32,135,19.483636363636364,11,0,11,1,Regular Customers
16847,42,1,193.44,78,16.12,12,0,12,1,Regular Customers
16848,52,1,281.42,182,20.101428571428574,14,0,14,1,Regular Customers
16849,186,1,124.57,33,15.57125,8,0,8,1,Regular Customers
16850,333,1,332.41,249,17.495263157894737,19,0,19,1,Regular Customers
16851,3,3,342.45,271,17.1225,17,47,20,0,Low Engagement
16852,9,2,144.91000000000003,56,16.101111111111113,9,165,9,1,Regular Customers
16855,23,2,328.4,164,17.28421052631579,19,19,19,1,Regular Customers
16856,14,1,35.400000000000006,12,17.700000000000003,2,0,2,1,Regular Customers
16858,368,1,375.69000000000005,91,37.569,9,0,10,1,Regular Customers
16859,144,2,747.81,827,14.380961538461538,50,116,52,0,Low Engagement
16861,59,2,173.76,140,28.959999999999997,6,98,6,1,Regular Customers
16863,30,2,502.8,409,19.338461538461537,25,335,26,0,Low Engagement
16866,140,3,207.73999999999998,60,18.885454545454543,10,20,11,1,Regular Customers
16869,22,4,817.12,583,6.434015748031496,113,152,127,0,Low Engagement
16871,21,6,2812.34,1253,20.528029197080293,131,248,137,2,Loyal Customers
16872,76,3,680.02,600,97.14571428571428,5,107,7,3,VIP Customers
16873,4,6,6773.62,3838,24.365539568345323,178,359,278,2,Loyal Customers
16875,66,5,2095.53,1069,18.710089285714286,93,272,112,0,Low Engagement
16877,11,6,846.62,458,5.427051282051282,111,195,156,0,Low Engagement
16878,83,1,13.3,12,4.433333333333334,3,0,3,1,Regular Customers
16880,30,7,1491.43,746,8.571436781609195,121,158,174,0,Low Engagement
16882,66,3,705.12,424,18.080000000000002,39,250,39,0,Low Engagement
16883,186,2,272.48,103,7.364324324324325,33,184,37,1,Regular Customers
16884,37,2,429.84000000000003,320,16.532307692307693,26,0,26,1,Regular Customers
16885,14,3,450.41,178,4.691770833333334,82,341,96,0,Low Engagement
16887,34,1,192.32999999999998,156,5.342499999999999,35,0,36,1,Regular Customers
16889,194,3,1578.67,925,11.693851851851852,112,142,135,0,Low Engagement
16891,1,5,742.43,265,3.991559139784946,166,369,186,2,Loyal Customers
16892,0,5,518.19,236,5.3421649484536085,87,182,97,0,Low Engagement
16893,366,1,145.93,62,3.242888888888889,44,0,45,1,Regular Customers
16895,64,1,202.27,91,3.26241935483871,57,0,62,1,Regular Customers
16897,298,2,289.78,73,7.831891891891891,37,14,37,1,Regular Customers
16898,25,3,501.03,412,3.191273885350318,150,342,157,0,Low Engagement
16899,7,6,1271.06,520,10.333821138211382,80,352,123,0,Low Engagement
16900,16,3,882.16,832,11.30974358974359,77,46,78,0,Low Engagement
16902,115,1,1482.63,614,34.47976744186047,42,0,43,0,Low Engagement
16903,28,1,363.2,247,6.485714285714286,50,0,56,1,Regular Customers
16904,3,16,3649.95,1974,5.496912650602409,386,362,664,2,Loyal Customers
16905,4,7,3037.6,1381,15.2643216080402,117,366,199,2,Loyal Customers
16906,81,4,559.59,263,6.506860465116279,74,166,86,0,Low Engagement
16907,28,5,928.76,286,6.634,89,336,140,0,Low Engagement
16909,71,1,379.14,436,21.063333333333333,18,0,18,1,Regular Customers
16910,3,8,1508.96,884,2.7687339449541284,318,86,545,2,Loyal Customers
16912,28,11,2555.58,1025,25.555799999999998,88,294,100,2,Loyal Customers
16913,289,1,113.44,82,14.18,8,0,8,1,Regular Customers
16914,35,1,183.76,112,6.125333333333333,25,0,30,1,Regular Customers
16915,8,6,621.6800000000001,132,10.906666666666668,46,274,57,0,Low Engagement
16916,23,2,562.41,431,4.135367647058823,129,348,136,0,Low Engagement
16917,276,1,391.52,232,43.50222222222222,9,0,9,1,Regular Customers
16918,49,6,1068.82,721,8.35015625,97,267,128,0,Low Engagement
16919,155,11,2592.25,1403,7.951687116564417,141,212,326,2,Loyal Customers
16921,60,1,154.18,154,2.8032727272727276,50,0,55,1,Regular Customers
16923,11,19,7069.08,3344,11.292460063897764,313,350,626,2,Loyal Customers
16924,20,3,829.89,467,10.245555555555555,69,62,81,0,Low Engagement
16926,370,1,230.25,35,16.446428571428573,14,0,14,1,Regular Customers
16927,115,3,543.05,993,90.50833333333333,5,245,6,3,VIP Customers
16928,79,17,2806.75,2091,13.826354679802956,68,292,203,2,Loyal Customers
16929,3,7,1295.39,929,16.823246753246753,51,151,77,0,Low Engagement
16930,25,3,378.89,339,7.148867924528302,47,42,53,0,Low Engagement
16931,4,21,4554.87,3134,5.140936794582393,448,364,886,2,Loyal Customers
16932,52,1,150.23000000000002,82,3.129791666666667,44,0,48,1,Regular Customers
16933,0,2,563.23,288,12.800681818181818,42,237,44,0,Low Engagement
16934,54,2,931.03,397,15.262786885245902,59,0,61,0,Low Engagement
16936,25,1,261.9,171,4.676785714285714,56,0,56,1,Regular Customers
16938,8,4,1878.43,1018,8.027478632478633,212,300,234,2,Loyal Customers
16940,51,3,3049.88,2169,9.99960655737705,226,237,305,2,Loyal Customers
16942,12,9,1904.99,805,6.877220216606498,159,215,277,2,Loyal Customers
16943,211,3,816.73,145,24.74939393939394,23,106,33,1,Regular Customers
16945,21,19,4345.5,2725,17.451807228915662,137,336,249,2,Loyal Customers
16947,235,1,406.48,312,19.356190476190477,21,0,21,1,Regular Customers
16948,138,3,435.02,1614,22.89578947368421,15,187,19,0,Low Engagement
16949,3,6,786.27,787,13.556379310344827,55,312,58,0,Low Engagement
16950,56,3,1178.56,644,28.06095238095238,39,310,42,0,Low Engagement
16951,134,3,1277.75,1318,14.857558139534884,73,169,86,0,Low Engagement
16952,108,2,167.61,92,10.475625,16,0,16,1,Regular Customers
16953,29,1,20.8,10,20.8,1,0,1,1,Regular Customers
16954,0,9,2085.08,1054,38.61259259259259,40,358,54,2,Loyal Customers
16955,184,4,518.67,266,20.746799999999997,18,188,25,0,Low Engagement
16956,17,1,308.74,114,19.29625,16,0,16,1,Regular Customers
16957,238,2,416.64,172,26.04,15,42,16,1,Regular Customers
16959,86,1,117.35000000000001,49,16.764285714285716,7,0,7,1,Regular Customers
16960,38,3,505.1,301,5.051,91,213,100,0,Low Engagement
16961,115,1,234.17,125,16.72642857142857,14,0,14,1,Regular Customers
16963,186,1,110.55000000000001,35,15.792857142857144,7,0,7,1,Regular Customers
16965,226,1,192.07,243,7.682799999999999,25,0,25,1,Regular Customers
16966,7,7,1842.9699999999998,1885,68.25814814814814,8,231,27,0,Low Engagement
16967,188,1,319.02,333,15.19142857142857,21,0,21,1,Regular Customers
16968,3,2,439.43,326,14.175161290322581,31,103,31,0,Low Engagement
16969,38,3,650.41,816,15.48595238095238,42,152,42,0,Low Engagement
16971,37,1,357.21,72,8.712439024390243,40,0,41,1,Regular Customers
16976,266,1,251.51999999999998,88,125.75999999999999,2,0,2,3,VIP Customers
16978,77,1,344.33,166,8.828974358974358,39,0,39,1,Regular Customers
16979,3,6,1852.0,865,20.808988764044944,64,294,89,0,Low Engagement
16980,254,2,795.26,519,9.94075,70,36,80,1,Regular Customers
16982,60,1,384.06,182,17.457272727272727,22,0,22,1,Regular Customers
16983,12,7,1905.87,1335,13.327762237762236,112,356,143,2,Loyal Customers
16984,87,2,4459.52,2380,11.148800000000001,354,41,400,2,Loyal Customers
16985,16,10,5219.32,1736,43.859831932773105,62,341,119,2,Loyal Customers
16986,29,1,83.2,40,41.6,2,0,2,1,Regular Customers
16987,2,7,1616.8,401,12.63125,74,202,128,0,Low Engagement
16988,4,1,126.12,43,18.017142857142858,7,0,7,1,Regular Customers
16989,6,6,1133.25,1233,94.4375,7,143,12,3,VIP Customers
16990,218,1,179.0,100,179.0,1,0,1,3,VIP Customers
16992,10,5,1614.31,860,17.358172043010754,84,274,93,0,Low Engagement
16996,29,6,1456.96,544,39.3772972972973,13,323,37,0,Low Engagement
16997,287,3,702.0,360,58.5,7,37,12,3,VIP Customers
16998,149,4,295.0,76,73.75,1,154,4,3,VIP Customers
16999,22,2,484.82,294,21.07913043478261,21,50,23,0,Low Engagement
17001,0,11,3989.57,2164,23.606923076923078,75,358,169,2,Loyal Customers
17002,85,3,1493.73,679,30.484285714285715,41,205,49,0,Low Engagement
17004,45,2,1043.94,591,24.85571428571429,37,46,42,0,Low Engagement
17006,4,4,781.78,272,17.76772727272727,37,70,44,0,Low Engagement
17007,50,6,889.9300000000001,597,17.114038461538463,50,306,52,0,Low Engagement
17010,17,1,195.36,118,17.76,11,0,11,1,Regular Customers
17011,29,1,270.9,186,18.06,15,0,15,1,Regular Customers
17014,7,3,583.4300000000001,243,8.103194444444446,63,58,72,0,Low Engagement
17015,28,3,1838.6100000000001,1978,8.591635514018693,182,156,214,2,Loyal Customers
17017,2,20,8694.26,6673,34.50103174603175,88,369,252,2,Loyal Customers
17018,40,2,920.1,176,57.50625,15,285,16,0,Low Engagement
17019,10,4,1258.08,820,5.517894736842105,166,357,228,2,Loyal Customers
17022,30,1,71.0,108,10.142857142857142,7,0,7,1,Regular Customers
17024,44,3,95.85,69,31.95,2,112,3,1,Regular Customers
17025,60,3,357.77,235,39.75222222222222,8,312,9,0,Low Engagement
17026,184,2,154.82999999999998,97,38.707499999999996,4,184,4,1,Regular Customers
17027,78,6,877.5600000000001,416,5.92945945945946,110,238,148,0,Low Engagement
17030,63,1,146.87,146,13.351818181818182,11,0,11,1,Regular Customers
17031,11,2,380.35,235,17.288636363636364,19,143,22,0,Low Engagement
17033,85,3,775.74,510,28.73111111111111,24,273,27,0,Low Engagement
17034,15,3,745.52,410,24.850666666666665,28,271,30,0,Low Engagement
17035,245,2,433.53000000000003,229,15.483214285714286,27,65,28,1,Regular Customers
17037,87,1,1267.32,656,16.8976,75,0,75,0,Low Engagement
17038,29,1,112.4,28,5.109090909090909,22,0,22,1,Regular Customers
17040,137,1,449.73,181,29.982000000000003,15,0,15,1,Regular Customers
17041,26,3,1071.49,927,15.528840579710145,59,333,69,0,Low Engagement
17042,2,5,1036.58,990,10.686391752577318,74,244,97,0,Low Engagement
17043,31,4,1735.18,998,17.01156862745098,100,234,102,0,Low Engagement
17044,24,1,535.6800000000001,312,133.92000000000002,4,0,4,3,VIP Customers
17045,112,3,339.44,106,15.42909090909091,20,134,22,1,Regular Customers
17046,156,1,642.02,510,29.182727272727274,22,0,22,1,Regular Customers
17047,84,3,1100.9,533,16.93692307692308,59,119,65,0,Low Engagement
17048,117,3,925.35,485,21.519767441860466,41,213,43,0,Low Engagement
17049,2,9,5405.03,2671,17.104525316455696,200,273,316,2,Loyal Customers
17050,95,6,3185.64,1595,10.342987012987013,169,203,308,2,Loyal Customers
17051,193,1,240.89000000000001,179,5.735476190476191,40,0,42,1,Regular Customers
17052,27,1,399.09,251,4.808313253012048,72,0,83,0,Low Engagement
17053,130,1,498.48,122,38.34461538461539,13,0,13,1,Regular Customers
17054,27,5,1356.33,804,16.34132530120482,64,216,83,0,Low Engagement
17058,81,3,1179.89,592,19.030483870967743,51,158,62,0,Low Engagement
17059,29,5,3080.39,1850,5.9929766536964975,292,339,514,2,Loyal Customers
17060,265,1,234.24,216,46.848,5,0,5,1,Regular Customers
17061,73,11,3779.73,1176,40.64225806451613,56,158,93,2,Loyal Customers
17062,313,4,528.29,406,7.768970588235294,51,55,68,1,Regular Customers
17063,20,7,1461.14,770,18.732564102564105,66,268,78,0,Low Engagement
17064,58,3,855.45,316,14.02377049180328,53,268,61,0,Low Engagement
17068,11,21,4545.89,2159,15.409796610169492,115,355,295,2,Loyal Customers
17069,27,9,2709.7000000000003,1506,18.948951048951052,111,345,143,2,Loyal Customers
17070,113,1,304.24,131,4.9070967741935485,62,0,62,1,Regular Customers
17071,27,9,2429.03,1197,17.350214285714287,102,281,140,2,Loyal Customers
17073,17,4,1444.84,758,8.351676300578035,141,91,173,0,Low Engagement
17075,17,4,834.12,292,10.832727272727272,62,299,77,0,Low Engagement
17076,35,3,841.0799999999999,295,33.6432,17,328,25,0,Low Engagement
17078,35,2,375.86,782,13.920740740740742,27,0,27,0,Low Engagement
17079,77,1,118.80000000000001,24,59.400000000000006,2,0,2,1,Regular Customers
17080,21,2,287.62,166,35.9525,8,247,8,0,Low Engagement
17081,24,2,288.91,77,4.585873015873016,55,20,63,1,Regular Customers
17082,32,2,1753.85,1047,21.923125,74,285,80,0,Low Engagement
17083,108,3,1405.78,772,27.034230769230767,24,194,52,0,Low Engagement
17084,34,2,2747.9900000000002,1702,18.44288590604027,146,0,149,0,Low Engagement
17085,122,5,1562.4,785,8.4,115,239,186,0,Low Engagement
17086,6,6,1841.28,1715,19.381894736842106,76,56,95,0,Low Engagement
17088,27,4,1991.01,868,17.313130434782607,96,225,115,0,Low Engagement
17090,3,7,1974.65,903,32.37131147540984,45,349,61,0,Low Engagement
17091,2,9,3827.76,1746,19.629538461538463,119,365,195,2,Loyal Customers
17092,49,4,1774.03,1130,14.306693548387097,99,227,124,0,Low Engagement
17094,321,1,302.0,152,21.571428571428573,14,0,14,1,Regular Customers
17095,22,3,1324.16,618,17.894054054054056,69,312,74,0,Low Engagement
17096,14,4,1022.13,339,21.294375,46,246,48,0,Low Engagement
17097,1,8,954.42,459,4.523317535545024,153,363,211,2,Loyal Customers
17100,17,2,971.74,800,14.949846153846154,65,0,65,0,Low Engagement
17101,9,4,1621.73,815,38.61261904761905,28,167,42,0,Low Engagement
17102,261,1,25.5,2,25.5,1,0,1,1,Regular Customers
17105,158,2,665.78,693,7.397555555555555,80,147,90,0,Low Engagement
17107,32,6,10353.48,4586,25.00840579710145,269,244,414,2,Loyal Customers
17109,28,6,881.29,588,7.597327586206896,107,203,116,0,Low Engagement
17110,164,1,163.29999999999998,50,13.608333333333333,12,0,12,1,Regular Customers
17111,46,1,231.61,282,7.986551724137931,29,0,29,1,Regular Customers
17114,5,8,801.12,215,6.5131707317073175,85,329,123,0,Low Engagement
17115,7,3,837.5,372,21.474358974358974,33,224,39,0,Low Engagement
17117,287,1,116.19999999999999,68,12.91111111111111,9,0,9,1,Regular Customers
17118,317,1,157.02,154,15.702000000000002,10,0,10,1,Regular Customers
17119,2,2,606.91,334,17.340285714285713,35,56,35,0,Low Engagement
17120,232,1,307.46,120,17.08111111111111,18,0,18,1,Regular Customers
17122,118,1,138.32,80,19.759999999999998,7,0,7,1,Regular Customers
17123,161,1,345.29999999999995,246,38.36666666666666,9,0,9,1,Regular Customers
17124,184,1,294.24,129,9.491612903225807,31,0,31,1,Regular Customers
17125,49,1,230.5,281,6.585714285714285,34,0,35,1,Regular Customers
17126,151,5,989.45,780,3.989717741935484,187,210,248,2,Loyal Customers
17128,334,1,157.09,76,11.220714285714285,14,0,14,1,Regular Customers
17131,4,5,2463.17,983,18.38186567164179,78,70,134,0,Low Engagement
17133,15,6,1884.24,1370,104.68,12,250,18,3,VIP Customers
17134,106,2,413.2,98,17.965217391304346,21,157,23,1,Regular Customers
17135,15,7,1139.73,1224,21.917884615384615,34,355,52,0,Low Engagement
17138,275,1,380.5,126,15.854166666666666,24,0,24,1,Regular Customers
17139,15,12,10650.77,5176,22.328658280922433,309,273,477,2,Loyal Customers
17140,246,1,454.12,296,25.22888888888889,16,0,18,1,Regular Customers
17142,238,1,579.0,81,38.6,15,0,15,1,Regular Customers
17144,0,2,984.57,483,20.511875,42,83,48,0,Low Engagement
17146,105,3,749.78,212,21.422285714285714,33,253,35,0,Low Engagement
17147,22,4,1714.59,882,21.167777777777776,68,289,81,0,Low Engagement
17148,51,1,124.88,82,13.875555555555556,9,0,9,1,Regular Customers
17152,194,3,573.5,277,47.791666666666664,9,68,12,1,Regular Customers
17153,23,1,213.78,104,15.27,14,0,14,1,Regular Customers
17154,74,1,329.34,490,14.319130434782608,23,0,23,1,Regular Customers
17155,17,2,251.70000000000002,242,12.585,19,160,20,0,Low Engagement
17157,7,2,319.0,172,24.53846153846154,11,168,13,0,Low Engagement
17158,31,3,1266.97,778,18.91,53,328,67,0,Low Engagement
17159,21,3,1538.88,1111,15.236435643564358,96,150,101,0,Low Engagement
17160,30,6,3518.03,2856,15.362576419213974,111,210,229,2,Loyal Customers
17162,28,10,1715.46,1001,16.494807692307692,81,276,104,2,Loyal Customers
17163,21,2,293.1,66,58.620000000000005,3,56,5,3,VIP Customers
17164,32,7,2467.35,1501,17.134375,92,240,144,2,Loyal Customers
17165,283,1,158.68,100,15.868,10,0,10,1,Regular Customers
17166,38,2,206.34,78,17.195,11,165,12,1,Regular Customers
17169,57,2,835.78,526,15.477407407407407,51,125,54,0,Low Engagement
17171,288,1,224.91,185,14.056875,16,0,16,1,Regular Customers
17172,78,1,317.76,480,21.184,15,0,15,1,Regular Customers
17173,4,8,3766.6,1122,43.79767441860465,36,125,86,0,Low Engagement
17174,217,1,59.9,41,14.975,4,0,4,1,Regular Customers
17175,43,4,1443.69,866,22.915714285714287,42,252,63,0,Low Engagement
17176,201,1,306.13,170,20.408666666666665,15,0,15,1,Regular Customers
17179,177,3,711.79,290,8.897375,56,183,80,0,Low Engagement
17180,55,4,783.97,670,6.2717600000000004,91,259,125,0,Low Engagement
17181,56,2,239.92000000000002,241,10.431304347826087,23,316,23,0,Low Engagement
17183,7,6,3347.31,1296,45.85356164383562,42,97,73,0,Low Engagement
17186,46,2,144.0,200,72.0,1,13,2,3,VIP Customers
17187,226,1,203.95,144,20.395,10,0,10,1,Regular Customers
17188,10,7,2474.23,1328,29.455119047619046,71,351,84,2,Loyal Customers
17189,105,2,383.75,226,6.395833333333333,52,253,60,0,Low Engagement
17190,58,2,444.74,161,23.40736842105263,19,148,19,0,Low Engagement
17191,27,7,2093.68,1166,8.871525423728812,163,340,236,2,Loyal Customers
17193,35,7,1699.3000000000002,1254,53.103125000000006,17,141,32,0,Low Engagement
17194,360,1,226.78,112,9.0712,25,0,25,1,Regular Customers
17197,29,1,1013.01,191,34.93137931034483,29,0,29,1,Regular Customers
17198,23,3,692.22,357,7.210625,89,347,96,0,Low Engagement
17201,53,1,289.78,231,7.62578947368421,38,0,38,1,Regular Customers
17203,35,6,3345.52,2702,22.758639455782312,115,24,147,2,Loyal Customers
17204,174,4,1564.56,646,27.448421052631577,44,88,57,0,Low Engagement
17205,53,1,384.08,884,29.544615384615383,13,0,13,1,Regular Customers
17206,52,1,204.24,76,29.177142857142858,7,0,7,1,Regular Customers
17211,26,8,2317.2200000000003,1323,10.982085308056874,150,342,211,2,Loyal Customers
17212,252,1,226.85,147,56.7125,4,0,4,1,Regular Customers
17213,39,7,2781.23,1176,17.71484076433121,85,326,157,2,Loyal Customers
17214,59,6,1059.1200000000001,272,10.486336633663367,79,298,101,0,Low Engagement
17217,233,1,113.5,24,12.61111111111111,9,0,9,1,Regular Customers
17218,3,10,1951.97,955,7.202841328413284,146,363,271,2,Loyal Customers
17219,31,1,114.23,89,4.5692,24,0,25,1,Regular Customers
17220,23,14,3187.55,1897,6.8255888650963605,303,339,467,2,Loyal Customers
17221,6,2,334.48,287,5.39483870967742,59,28,62,0,Low Engagement
17222,64,1,328.65,122,12.17222222222222,27,0,27,1,Regular Customers
17223,309,2,381.89,109,8.12531914893617,42,58,47,1,Regular Customers
17226,308,1,393.49,406,18.73761904761905,21,0,21,1,Regular Customers
17227,18,6,939.32,741,19.985531914893617,28,349,47,0,Low Engagement
17228,15,8,1906.09,1532,9.16389423076923,140,356,208,2,Loyal Customers
17229,95,2,318.76,185,6.782127659574468,39,46,47,1,Regular Customers
17230,263,8,3638.41,1651,52.73057971014492,51,95,69,0,Low Engagement
17231,11,10,3124.72,1724,5.884595103578154,292,349,531,2,Loyal Customers
17232,2,2,417.77,202,11.936285714285713,30,11,35,0,Low Engagement
17233,34,1,190.88,131,7.6352,25,0,25,1,Regular Customers
17234,182,1,149.89000000000001,55,10.706428571428573,14,0,14,1,Regular Customers
17235,24,2,550.06,224,18.96758620689655,24,347,29,0,Low Engagement
17236,12,6,916.13,474,8.725047619047618,88,350,105,0,Low Engagement
17237,10,2,314.69,105,16.562631578947368,18,11,19,1,Regular Customers
17238,2,17,3719.1,1807,6.701081081081081,297,368,555,2,Loyal Customers
17239,312,1,382.5,150,25.5,15,0,15,1,Regular Customers
17242,107,2,1135.04,611,28.375999999999998,30,72,40,0,Low Engagement
17243,0,26,8123.65,3220,21.10038961038961,179,368,385,2,Loyal Customers
17244,52,1,954.9,616,30.80322580645161,31,0,31,0,Low Engagement
17245,204,1,171.45,75,19.049999999999997,9,0,9,1,Regular Customers
17247,14,1,280.09000000000003,105,5.186851851851852,53,0,54,1,Regular Customers
17248,119,1,318.65,213,4.618115942028985,68,0,69,1,Regular Customers
17250,3,2,381.97,167,6.820892857142858,55,257,56,0,Low Engagement
17251,362,1,269.83,108,7.2927027027027025,37,0,37,1,Regular Customers
17252,116,2,348.91,192,4.057093023255814,86,69,86,0,Low Engagement
17253,17,1,178.26,43,9.903333333333332,18,0,18,1,Regular Customers
17254,4,2,271.19,251,2.443153153153153,100,10,111,0,Low Engagement
17255,40,2,291.48,227,3.9389189189189193,69,258,74,0,Low Engagement
17256,106,2,240.0,141,15.0,12,204,16,1,Regular Customers
17259,147,2,581.23,388,5.010603448275862,104,220,116,0,Low Engagement
17262,51,5,838.36,267,76.21454545454546,9,313,11,3,VIP Customers
17263,207,1,63.440000000000005,36,2.7582608695652175,23,0,23,1,Regular Customers
17265,138,2,550.01,389,4.50827868852459,106,41,122,0,Low Engagement
17266,1,3,296.58,153,4.062739726027397,60,145,73,0,Low Engagement
17267,126,2,317.2,158,8.572972972972973,37,0,37,1,Regular Customers
17268,107,4,464.12,556,92.824,3,137,5,3,VIP Customers
17272,41,4,2148.63,1778,18.847631578947368,70,220,114,0,Low Engagement
17274,34,1,107.82,77,4.312799999999999,24,0,25,1,Regular Customers
17277,227,2,1065.3500000000001,430,15.43985507246377,67,95,69,0,Low Engagement
17278,240,1,246.04,179,16.402666666666665,15,0,15,1,Regular Customers
17279,57,1,187.82999999999998,48,20.869999999999997,8,0,9,1,Regular Customers
17282,129,3,1303.86,1506,14.816590909090907,79,169,88,0,Low Engagement
17284,59,6,1647.48,1362,5.661443298969072,229,276,291,2,Loyal Customers
17286,21,1,151.37,117,3.440227272727273,44,0,44,1,Regular Customers
17287,25,7,1049.06,556,8.598852459016394,88,346,122,0,Low Engagement
17288,8,7,1417.63,1201,10.125928571428572,118,349,140,2,Loyal Customers
17289,31,3,931.02,513,8.952115384615384,86,148,104,0,Low Engagement
17290,3,2,513.01,397,5.343854166666667,92,12,96,0,Low Engagement
17293,7,9,1854.06,1135,14.04590909090909,93,352,132,2,Loyal Customers
17295,28,3,547.0,293,8.044117647058824,53,35,68,0,Low Engagement
17297,16,1,128.18,65,2.615918367346939,49,0,49,1,Regular Customers
17298,100,2,498.42,387,16.614,30,23,30,1,Regular Customers
17299,11,4,656.61,668,11.938363636363636,50,161,55,0,Low Engagement
17301,20,1,163.24,137,2.7667796610169493,59,0,59,1,Regular Customers
17302,14,5,1135.63,575,14.375063291139242,68,290,79,0,Low Engagement
17303,360,1,250.04,144,4.717735849056604,53,0,53,1,Regular Customers
17306,10,17,5329.280000000001,6480,100.55245283018868,11,311,53,2,Loyal Customers
17309,94,1,82.75,41,6.895833333333333,11,0,12,1,Regular Customers
17311,77,2,1384.85,1005,25.179090909090906,55,238,55,0,Low Engagement
17312,154,2,154.70000000000002,180,12.891666666666667,11,4,12,1,Regular Customers
17313,30,1,1879.56,1186,85.43454545454546,22,0,22,3,VIP Customers
17314,24,8,2527.92,1896,19.297099236641223,120,287,131,2,Loyal Customers
17315,1,36,6241.15,3837,13.335790598290597,254,355,468,2,Loyal Customers
17317,45,2,408.00000000000006,276,102.00000000000001,4,43,4,3,VIP Customers
17320,99,3,1200.6200000000001,634,16.446849315068494,57,267,73,0,Low Engagement
17321,7,2,657.16,364,6.637979797979797,94,59,99,0,Low Engagement
17323,14,7,903.12,756,4.655257731958763,124,277,194,2,Loyal Customers
17324,17,4,986.48,843,20.132244897959183,43,348,49,0,Low Engagement
17325,279,1,96.8,60,16.133333333333333,6,0,6,1,Regular Customers
17329,13,2,523.11,142,15.851818181818182,29,300,33,0,Low Engagement
17330,22,2,363.9,120,60.65,5,44,6,3,VIP Customers
17331,123,1,175.2,16,175.2,1,0,1,3,VIP Customers
17333,85,1,494.25,375,17.651785714285715,28,0,28,1,Regular Customers
17334,301,2,307.02,315,27.91090909090909,11,6,11,1,Regular Customers
17337,150,4,1979.61,1246,3.8069423076923075,420,158,520,2,Loyal Customers
17338,16,8,6484.75,3044,9.019123783031988,388,344,719,2,Loyal Customers
17339,93,2,243.36,152,27.040000000000003,9,270,9,1,Regular Customers
17340,29,11,12077.29,5887,29.747019704433498,229,336,406,2,Loyal Customers
17341,156,3,682.29,443,4.3457961783439485,147,209,157,0,Low Engagement
17343,354,1,193.64,56,11.390588235294118,17,0,17,1,Regular Customers
17344,45,1,157.62,65,5.0845161290322585,31,0,31,1,Regular Customers
17345,14,4,519.6899999999999,341,6.261325301204819,70,181,83,0,Low Engagement
17346,3,15,2622.88,1617,5.430393374741201,299,369,483,2,Loyal Customers
17348,14,5,1156.6,1398,5.430046948356807,180,283,213,2,Loyal Customers
17349,178,1,98.25,102,12.28125,8,0,8,1,Regular Customers
17350,7,4,1281.32,770,18.30457142857143,66,42,70,0,Low Engagement
17351,35,3,587.15,113,21.746296296296297,22,237,27,0,Low Engagement
17354,50,1,1171.06,886,78.07066666666667,14,0,15,3,VIP Customers
17356,311,1,178.22,166,9.38,19,0,19,1,Regular Customers
17357,23,2,384.39,152,8.736136363636364,41,0,44,1,Regular Customers
17358,302,2,360.81,190,6.220862068965517,55,52,58,1,Regular Customers
17359,10,1,127.86,161,8.524,13,0,15,1,Regular Customers
17360,16,3,568.24,328,4.54592,113,166,125,0,Low Engagement
17361,48,3,488.2,157,16.834482758620688,26,242,29,0,Low Engagement
17362,238,2,312.23,191,8.920857142857143,30,70,35,1,Regular Customers
17364,0,11,4462.68,2692,10.991822660098522,288,330,406,2,Loyal Customers
17365,12,8,4762.32,4737,10.263620689655172,277,320,464,2,Loyal Customers
17367,237,1,167.55,149,5.077272727272728,33,0,33,1,Regular Customers
17368,22,7,1343.87,1277,12.798761904761903,93,314,105,2,Loyal Customers
17370,72,4,446.18,540,13.520606060606061,31,96,33,0,Low Engagement
17371,16,3,418.4,151,4.865116279069767,83,343,86,0,Low Engagement
17372,40,8,1337.18,747,5.3274103585657375,215,321,251,2,Loyal Customers
17373,39,4,646.92,408,11.349473684210526,47,272,57,0,Low Engagement
17374,218,2,495.77,85,17.706071428571427,24,62,28,1,Regular Customers
17375,198,3,400.1,367,5.798550724637681,63,162,69,0,Low Engagement
17376,70,2,203.2,86,8.466666666666667,23,240,24,1,Regular Customers
17377,23,20,4058.32,2038,10.045346534653465,190,349,404,2,Loyal Customers
17379,10,1,389.71999999999997,623,4.996410256410256,71,0,78,0,Low Engagement
17381,8,25,7178.73,11845,98.33876712328767,33,363,73,2,Loyal Customers
17382,64,1,65.4,25,32.7,2,0,2,1,Regular Customers
17383,3,1,193.39000000000001,148,3.946734693877551,49,0,49,1,Regular Customers
17384,18,2,122.2,52,8.72857142857143,12,199,14,1,Regular Customers
17385,14,1,256.11,197,5.691333333333334,42,0,45,1,Regular Customers
17386,7,6,1626.66,1198,62.56384615384616,21,157,26,0,Low Engagement
17387,19,2,746.81,522,9.826447368421052,71,13,76,0,Low Engagement
17388,77,2,191.07999999999998,60,15.923333333333332,12,53,12,1,Regular Customers
17389,0,31,12295.22,2976,74.06759036144578,43,330,166,2,Loyal Customers
17391,163,1,101.76,96,101.76,1,0,1,3,VIP Customers
17392,306,2,411.27,275,7.477636363636363,52,51,55,1,Regular Customers
17394,218,1,203.86999999999998,241,50.967499999999994,4,0,4,1,Regular Customers
17396,38,5,1585.8,620,121.98461538461538,13,332,13,3,VIP Customers
17397,21,2,681.41,250,7.65629213483146,88,0,89,0,Low Engagement
17398,114,3,653.38,310,17.19421052631579,30,140,38,0,Low Engagement
17400,125,5,2097.84,1088,10.18368932038835,175,226,206,2,Loyal Customers
17402,4,11,1785.25,460,32.45909090909091,32,364,55,0,Low Engagement
17403,35,1,263.92,111,8.2475,32,0,32,1,Regular Customers
17404,25,11,13504.699999999999,18240,96.46214285714285,86,331,140,2,Loyal Customers
17405,0,3,1031.41,726,12.578170731707319,77,149,82,0,Low Engagement
17406,332,2,1639.42,777,15.040550458715597,98,33,109,0,Low Engagement
17408,162,1,32.65,3,16.325,2,0,2,1,Regular Customers
17409,184,2,771.85,105,59.37307692307692,13,63,13,3,VIP Customers
17410,15,5,1214.72,616,18.98,57,199,64,0,Low Engagement
17411,11,3,778.94,306,18.998536585365855,39,249,41,0,Low Engagement
17412,2,7,1258.06,738,19.061515151515152,48,369,66,0,Low Engagement
17414,43,2,388.0,1500,77.6,4,141,5,3,VIP Customers
17415,79,1,507.84,114,36.27428571428571,14,0,14,1,Regular Customers
17416,29,7,6478.42,4202,24.26374531835206,185,251,267,2,Loyal Customers
17418,41,2,463.46000000000004,289,15.448666666666668,29,281,30,0,Low Engagement
17419,10,12,4226.57,1876,20.517330097087378,155,355,206,2,Loyal Customers
17420,49,3,598.83,265,19.961000000000002,28,323,30,0,Low Engagement
17422,15,6,1979.37,2253,16.917692307692306,93,279,117,2,Loyal Customers
17423,45,2,698.41,459,26.861923076923077,26,171,26,0,Low Engagement
17425,18,2,759.17,407,17.655116279069766,42,41,43,0,Low Engagement
17426,7,6,4797.56,3088,17.768740740740743,178,274,270,2,Loyal Customers
17427,71,1,100.8,34,50.4,2,0,2,1,Regular Customers
17428,0,28,16684.45,9114,51.17929447852761,252,368,326,2,Loyal Customers
17429,127,3,524.9200000000001,624,13.459487179487182,36,90,39,0,Low Engagement
17430,32,2,265.76,190,18.982857142857142,14,332,14,0,Low Engagement
17431,312,1,403.3,292,9.37906976744186,41,0,43,1,Regular Customers
17432,17,2,365.76,207,7.62,44,19,48,0,Low Engagement
17433,87,1,303.15999999999997,185,5.6140740740740736,53,0,54,1,Regular Customers
17434,1,7,2373.82,1693,17.715074626865672,100,82,134,0,Low Engagement
17436,1,2,216.29999999999998,90,24.03333333333333,7,225,9,1,Regular Customers
17438,253,1,388.45000000000005,103,22.85,17,0,17,1,Regular Customers
17440,156,3,186.42000000000002,246,37.284000000000006,3,90,5,1,Regular Customers
17442,36,6,2248.56,1496,16.656,96,253,135,2,Loyal Customers
17444,151,2,2389.1,2118,17.82910447761194,131,21,134,0,Low Engagement
17446,176,2,120.9,198,13.433333333333334,6,133,9,1,Regular Customers
17447,39,2,541.53,443,15.042499999999999,33,31,36,0,Low Engagement
17449,1,7,2516.21,1120,9.149854545454545,177,357,275,2,Loyal Customers
17450,7,26,12519.46,5510,86.94069444444443,88,359,144,2,Loyal Customers
17451,0,7,1721.4,1203,17.214000000000002,83,104,100,0,Low Engagement
17453,17,2,486.71999999999997,219,25.616842105263157,19,46,19,1,Regular Customers
17454,191,4,517.53,243,8.484098360655738,57,167,61,0,Low Engagement
17455,203,1,131.7,66,16.4625,8,0,8,1,Regular Customers
17456,364,1,249.86,222,14.69764705882353,17,0,17,1,Regular Customers
17457,126,4,880.9,490,55.05625,14,212,16,0,Low Engagement
17458,14,1,316.5,170,5.861111111111111,52,0,54,1,Regular Customers
17459,42,2,657.3,537,5.921621621621621,88,16,111,0,Low Engagement
17460,93,6,622.4300000000001,236,21.463103448275863,18,278,29,0,Low Engagement
17461,22,3,735.82,770,6.941698113207548,104,6,106,0,Low Engagement
17462,59,2,675.69,227,25.025555555555556,25,223,27,0,Low Engagement
17463,15,5,1875.86,1086,9.018557692307692,162,296,208,2,Loyal Customers
17464,157,1,289.96000000000004,220,32.21777777777778,9,0,9,1,Regular Customers
17466,9,2,763.28,306,18.61658536585366,41,68,41,0,Low Engagement
17468,9,2,137.0,116,27.4,5,4,5,1,Regular Customers
17469,15,5,1870.97,787,21.261022727272728,61,188,88,0,Low Engagement
17470,44,5,1125.07,1675,14.423974358974359,67,323,78,0,Low Engagement
17472,190,3,697.54,455,4.0088505747126435,142,108,174,0,Low Engagement
17475,78,1,194.37,178,13.883571428571429,14,0,14,1,Regular Customers
17480,77,1,511.82,338,17.64896551724138,29,0,29,1,Regular Customers
17481,3,4,1255.59,1061,15.312073170731706,69,90,82,0,Low Engagement
17483,64,3,414.04,191,19.716190476190476,18,117,21,0,Low Engagement
17486,260,1,396.87,191,16.53625,24,0,24,1,Regular Customers
17489,58,2,376.64,428,12.987586206896552,28,153,29,0,Low Engagement
17490,0,7,2092.32,1134,27.530526315789476,63,175,76,0,Low Engagement
17491,0,10,3558.87,2013,32.65018348623853,72,366,109,2,Loyal Customers
17492,247,1,374.57,155,31.214166666666667,12,0,12,1,Regular Customers
17495,7,2,497.56,229,18.42814814814815,21,31,27,0,Low Engagement
17496,358,1,271.05,79,27.105,10,0,10,1,Regular Customers
17498,75,1,272.22,394,16.01294117647059,17,0,17,1,Regular Customers
17499,289,1,622.88,711,15.572,40,0,40,1,Regular Customers
17500,29,1,33.0,4,16.5,2,0,2,1,Regular Customers
17501,220,2,288.6,160,16.033333333333335,18,0,18,1,Regular Customers
17502,8,4,689.1,376,24.610714285714288,25,19,28,0,Low Engagement
17503,2,2,558.96,486,14.709473684210527,36,35,38,0,Low Engagement
17504,205,9,2997.0299999999997,1664,23.598661417322834,112,116,127,2,Loyal Customers
17505,161,2,1145.84,556,22.035384615384615,48,44,52,0,Low Engagement
17506,75,1,302.2,139,21.585714285714285,14,0,14,1,Regular Customers
17507,261,2,605.58,359,6.881590909090909,79,47,88,1,Regular Customers
17508,280,1,387.31,289,17.605,22,0,22,1,Regular Customers
17509,57,8,6083.64,3512,16.713296703296706,75,5,364,2,Loyal Customers
17510,24,1,308.48,214,15.424000000000001,20,0,20,1,Regular Customers
17511,2,30,70109.31,55164,78.68609427609428,425,370,891,2,Loyal Customers
17512,28,10,2924.9900000000002,2753,27.85704761904762,61,272,105,2,Loyal Customers
17513,71,1,513.2,254,85.53333333333335,6,0,6,3,VIP Customers
17514,127,1,208.65,135,5.2162500000000005,40,0,40,1,Regular Customers
17515,30,4,639.02,243,7.345057471264368,49,286,87,0,Low Engagement
17516,14,5,764.88,414,5.665777777777778,113,270,135,0,Low Engagement
17517,308,1,153.94,102,13.994545454545454,11,0,11,1,Regular Customers
17519,16,6,1844.02,1236,22.488048780487805,60,351,82,2,Loyal Customers
17520,53,1,546.81,365,18.226999999999997,30,0,30,1,Regular Customers
17521,29,3,723.2099999999999,519,16.07133333333333,38,169,45,0,Low Engagement
17522,1,5,1066.15,1022,14.80763888888889,58,216,72,0,Low Engagement
17523,10,4,435.24,722,13.60125,25,7,32,0,Low Engagement
17524,360,1,145.0,90,24.166666666666668,6,0,6,1,Regular Customers
17525,359,1,422.70000000000005,82,46.96666666666667,9,0,9,1,Regular Customers
17526,4,4,729.1,262,42.88823529411765,16,360,17,0,Low Engagement
17527,53,4,939.37,488,19.98659574468085,45,164,47,0,Low Engagement
17528,0,8,3628.5,2138,14.34189723320158,183,70,253,2,Loyal Customers
17530,0,10,2362.53,1511,6.088994845360825,305,363,388,2,Loyal Customers
17531,189,1,296.7,136,21.192857142857143,14,0,14,1,Regular Customers
17534,53,1,223.36,103,24.817777777777778,9,0,9,1,Regular Customers
17535,279,1,164.4,136,12.646153846153847,13,0,13,1,Regular Customers
17536,176,1,76.5,6,25.5,3,0,3,1,Regular Customers
17537,29,2,887.67,699,11.99554054054054,74,273,74,0,Low Engagement
17538,25,1,98.42,134,10.935555555555556,9,0,9,1,Regular Customers
17540,24,2,578.9,194,23.156,20,291,25,0,Low Engagement
17542,269,1,170.75,134,6.83,24,0,25,1,Regular Customers
17545,42,3,642.32,337,4.555460992907801,122,0,141,0,Low Engagement
17548,233,1,103.3,58,20.66,5,0,5,1,Regular Customers
17549,23,2,148.86,210,24.810000000000002,5,27,6,1,Regular Customers
17550,196,3,267.16,86,6.360952380952382,42,45,42,1,Regular Customers
17551,358,1,290.34,142,7.444615384615384,39,0,39,1,Regular Customers
17552,59,4,930.41,719,18.987959183673468,43,311,49,0,Low Engagement
17554,0,5,1952.45,1763,22.18693181818182,58,146,88,0,Low Engagement
17555,19,2,480.31,348,4.574380952380952,101,314,105,0,Low Engagement
17556,205,1,157.9,101,26.316666666666666,6,0,6,1,Regular Customers
17557,13,3,541.46,306,15.92529411764706,27,66,34,0,Low Engagement
17560,94,4,854.95,635,32.88269230769231,22,215,26,0,Low Engagement
17561,18,1,165.12,144,3.6693333333333333,44,0,45,1,Regular Customers
17562,13,7,1122.38,817,17.81555555555556,48,159,63,0,Low Engagement
17564,23,3,454.01,146,9.265510204081632,38,55,49,0,Low Engagement
17566,7,2,869.77,497,6.125140845070423,113,17,142,0,Low Engagement
17567,6,8,4099.48,2472,24.99682926829268,110,365,164,2,Loyal Customers
17569,331,1,344.14,159,11.866896551724137,29,0,29,1,Regular Customers
17571,49,4,1424.42,875,5.27562962962963,246,248,270,2,Loyal Customers
17572,70,4,226.75000000000003,95,18.895833333333336,7,302,12,0,Low Engagement
17573,28,3,380.6,308,15.224,24,64,25,0,Low Engagement
17574,242,1,185.65,77,23.20625,8,0,8,1,Regular Customers
17576,7,19,3564.83,1967,8.86773631840796,245,357,402,2,Loyal Customers
17578,217,1,143.45999999999998,138,28.691999999999997,5,0,5,1,Regular Customers
17579,4,3,448.90000000000003,258,8.978000000000002,46,174,50,0,Low Engagement
17580,252,3,212.77,87,4.835681818181818,42,105,44,1,Regular Customers
17581,0,25,11025.24,5915,25.114441913439634,229,371,439,2,Loyal Customers
17582,235,1,175.27,123,6.043793103448277,28,0,29,1,Regular Customers
17584,6,2,1242.3,458,35.494285714285716,30,120,35,0,Low Engagement
17585,108,4,1116.68,1650,5.368653846153847,176,228,208,2,Loyal Customers
17588,99,3,976.2,580,44.372727272727275,19,132,22,0,Low Engagement
17589,59,4,2402.92,1630,9.535396825396825,171,180,252,2,Loyal Customers
17590,1,3,1466.77,821,7.5218974358974355,161,37,195,0,Low Engagement
17591,72,7,2203.67,1000,14.03611464968153,81,293,157,2,Loyal Customers
17593,3,5,3923.86,3089,18.50877358490566,190,349,212,2,Loyal Customers
17594,84,2,993.18,550,19.863599999999998,42,169,50,0,Low Engagement
17595,11,2,386.69,228,4.715731707317073,68,24,82,0,Low Engagement
17596,22,7,2806.69,4376,10.591283018867925,168,345,265,2,Loyal Customers
17597,213,1,1836.8700000000001,1126,34.016111111111115,54,0,54,0,Low Engagement
17600,17,1,161.67000000000002,144,12.436153846153847,13,0,13,1,Regular Customers
17601,238,1,116.00999999999999,103,12.889999999999999,9,0,9,1,Regular Customers
17602,1,6,4802.42,3996,8.731672727272727,335,321,550,2,Loyal Customers
17603,77,1,144.72,72,14.472,10,0,10,1,Regular Customers
17604,216,2,309.36,169,4.91047619047619,57,94,63,1,Regular Customers
17608,32,2,191.99,229,3.4283928571428572,54,0,56,1,Regular Customers
17609,40,5,1098.28,692,4.754458874458875,198,286,231,2,Loyal Customers
17611,6,15,3961.12,2550,6.986102292768959,440,353,567,2,Loyal Customers
17612,52,6,2048.45,1808,15.173703703703703,116,244,135,2,Loyal Customers
17613,22,14,4544.55,2490,14.851470588235294,211,282,306,2,Loyal Customers
17614,56,1,386.32,235,3.9420408163265304,97,0,98,0,Low Engagement
17615,129,3,329.6,140,23.542857142857144,13,91,14,1,Regular Customers
17616,173,2,244.79999999999998,96,122.39999999999999,1,81,2,3,VIP Customers
17618,5,3,930.28,319,13.884776119402984,56,356,67,0,Low Engagement
17619,311,1,214.37,124,2.896891891891892,71,0,74,1,Regular Customers
17620,59,1,81.44,60,20.36,4,0,4,1,Regular Customers
17621,20,3,1379.9,514,53.073076923076925,24,333,26,0,Low Engagement
17623,32,1,527.0500000000001,265,15.971212121212123,33,0,33,1,Regular Customers
17624,14,2,843.48,554,16.869600000000002,49,203,50,0,Low Engagement
17625,17,4,2020.4,1180,6.602614379084968,223,239,306,2,Loyal Customers
17628,80,1,75.75,79,15.15,5,0,5,1,Regular Customers
17629,5,8,1814.12,1629,14.748943089430893,106,354,123,2,Loyal Customers
17630,169,2,503.59999999999997,158,19.369230769230768,24,62,26,1,Regular Customers
17631,1,3,528.33,334,13.546923076923077,39,230,39,0,Low Engagement
17633,30,4,1324.84,644,18.92628571428571,59,88,70,0,Low Engagement
17634,35,9,2358.59,838,7.96820945945946,209,301,296,2,Loyal Customers
17636,18,1,285.56,182,14.278,20,0,20,1,Regular Customers
17637,30,2,547.0600000000001,280,15.630285714285716,35,83,35,0,Low Engagement
17639,275,1,108.5,49,15.5,7,0,7,1,Regular Customers
17640,86,1,384.78,178,96.195,4,0,4,3,VIP Customers
17642,119,2,712.29,474,17.80725,34,56,40,0,Low Engagement
17643,372,1,101.55,71,12.69375,8,0,8,1,Regular Customers
17644,0,11,2895.64,1793,18.443566878980892,102,259,157,2,Loyal Customers
17646,218,3,1008.39,323,19.77235294117647,46,145,51,0,Low Engagement
17647,64,1,133.06,30,19.00857142857143,7,0,7,1,Regular Customers
17648,60,4,1797.5,487,19.752747252747252,81,188,91,0,Low Engagement
17649,137,1,868.49,399,16.70173076923077,52,0,52,1,Regular Customers
17650,20,1,166.08,150,20.76,8,0,8,1,Regular Customers
17651,11,10,3945.0,3112,17.004310344827587,149,165,232,2,Loyal Customers
17652,24,12,4867.72,2509,18.794285714285714,118,255,259,2,Loyal Customers
17653,36,4,996.36,1025,23.171162790697675,43,83,43,0,Low Engagement
17654,276,1,117.55,41,5.343181818181818,22,0,22,1,Regular Customers
17655,10,7,2638.94,1116,28.99934065934066,66,355,91,2,Loyal Customers
17656,72,5,1674.69,1399,20.423048780487804,67,55,82,0,Low Engagement
17658,25,2,595.42,616,31.337894736842102,17,185,19,0,Low Engagement
17659,16,12,2999.46,1525,18.98392405063291,127,354,158,2,Loyal Customers
17660,140,1,178.75,121,4.703947368421052,37,0,38,1,Regular Customers
17663,25,7,1802.91,797,20.96406976744186,63,261,86,0,Low Engagement
17664,18,2,604.64,604,14.061395348837209,41,193,43,0,Low Engagement
17666,3,2,728.16,596,40.45333333333333,14,61,18,0,Low Engagement
17667,65,5,2055.51,1033,17.71991379310345,85,232,116,0,Low Engagement
17668,0,2,347.75,93,23.183333333333334,14,36,15,1,Regular Customers
17669,42,7,3406.7200000000003,1916,50.09882352941177,45,206,68,0,Low Engagement
17670,227,1,205.7,110,18.7,11,0,11,1,Regular Customers
17671,15,4,1340.71,612,25.782884615384617,40,349,52,0,Low Engagement
17672,49,2,2926.17,1570,26.84559633027523,104,259,109,0,Low Engagement
17673,1,6,1594.97,1462,7.316376146788991,118,318,218,2,Loyal Customers
17674,73,2,551.04,672,20.40888888888889,19,294,27,0,Low Engagement
17675,0,31,20374.28,8360,28.89968794326241,239,366,705,2,Loyal Customers
17676,3,6,1371.18,922,17.807532467532468,49,362,77,0,Low Engagement
17677,1,30,15649.84,9566,52.166133333333335,175,367,300,2,Loyal Customers
17678,263,1,298.11,207,18.631875,16,0,16,1,Regular Customers
17679,52,2,1992.1100000000001,729,66.40366666666667,29,32,30,3,VIP Customers
17680,23,1,184.4,96,16.763636363636365,11,0,11,1,Regular Customers
17682,9,6,2474.33,1367,20.968898305084746,48,358,118,2,Loyal Customers
17684,43,1,239.41,145,15.960666666666667,15,0,15,1,Regular Customers
17685,16,7,3155.83,1907,24.849055118110236,88,355,127,2,Loyal Customers
17686,6,7,5739.46,2478,20.06804195804196,205,295,286,2,Loyal Customers
17690,29,15,4476.8,1767,17.83585657370518,186,342,251,2,Loyal Customers
17691,357,2,290.40000000000003,134,15.28421052631579,18,10,19,1,Regular Customers
17692,126,4,725.5799999999999,624,16.124,33,232,45,0,Low Engagement
17693,136,1,200.47,231,12.529375,16,0,16,1,Regular Customers
17694,141,1,283.12,184,18.874666666666666,15,0,15,1,Regular Customers
17695,131,2,765.34,779,21.866857142857143,30,39,35,0,Low Engagement
17696,37,8,2285.71,1756,19.875739130434784,78,326,115,2,Loyal Customers
17697,235,1,338.95,93,17.839473684210525,19,0,19,1,Regular Customers
17698,260,1,154.95,93,19.36875,8,0,8,1,Regular Customers
17700,16,4,2534.64,1266,17.84957746478873,116,264,142,2,Loyal Customers
17701,252,1,417.95,109,17.414583333333333,24,0,24,1,Regular Customers
17702,29,4,1824.37,1353,24.653648648648648,58,175,74,0,Low Engagement
17703,34,3,798.74,590,14.522545454545455,47,103,55,0,Low Engagement
17704,168,2,885.19,343,28.554516129032258,27,71,31,1,Regular Customers
17705,2,9,1823.52,963,17.70407766990291,63,298,103,2,Loyal Customers
17706,3,17,10504.49,3899,27.498664921465966,270,362,382,2,Loyal Customers
17707,184,2,152.4,144,30.48,3,151,5,1,Regular Customers
17708,187,2,263.33,90,7.744999999999999,28,137,34,1,Regular Customers
17709,169,1,137.45,17,19.635714285714283,7,0,7,1,Regular Customers
17711,10,2,385.1,246,16.743478260869566,22,279,23,0,Low Engagement
17712,44,1,522.91,215,18.031379310344825,29,0,29,1,Regular Customers
17714,320,1,153.0,92,15.3,10,0,10,1,Regular Customers
17716,22,11,5655.99,3072,23.085673469387753,171,245,245,2,Loyal Customers
17718,231,1,139.35,83,23.224999999999998,6,0,6,1,Regular Customers
17719,37,15,5396.04,2466,19.693576642335767,111,217,274,2,Loyal Customers
17720,25,4,1195.94,576,23.9188,39,341,50,0,Low Engagement
17722,95,4,2118.04,1475,18.579298245614034,111,270,114,0,Low Engagement
17723,172,2,163.9,42,40.975,3,41,4,1,Regular Customers
17724,70,3,1033.0,300,25.825,38,67,40,0,Low Engagement
17725,15,11,3439.08,2162,17.911875,115,250,192,2,Loyal Customers
17727,14,1,1060.25,645,16.064393939393938,66,0,66,0,Low Engagement
17728,3,3,2876.01,1469,17.430363636363637,153,82,165,0,Low Engagement
17730,2,13,4890.4800000000005,3480,22.641111111111112,127,323,216,2,Loyal Customers
17731,78,4,1240.11,493,18.509104477611938,54,104,67,0,Low Engagement
17732,372,1,303.97,93,16.887222222222224,18,0,18,1,Regular Customers
17733,38,2,692.19,463,19.776857142857143,33,222,35,0,Low Engagement
17734,53,3,700.63,422,16.293720930232556,40,180,43,0,Low Engagement
17735,1,19,13110.02,8439,19.000028985507246,319,365,690,2,Loyal Customers
17736,8,3,377.44,238,15.0976,24,104,25,0,Low Engagement
17737,8,2,168.24,108,16.824,8,49,10,1,Regular Customers
17738,18,4,1879.05,1029,19.371649484536082,89,262,97,0,Low Engagement
17739,11,7,2578.95,831,56.064130434782605,29,348,46,0,Low Engagement
17742,112,2,355.11,89,23.674,13,219,15,1,Regular Customers
17744,3,6,2322.4,3412,17.076470588235296,110,354,136,2,Loyal Customers
17746,239,1,110.25,29,18.375,6,0,6,1,Regular Customers
17747,112,1,71.4,12,71.4,1,0,1,3,VIP Customers
17749,177,2,674.52,320,19.272,33,78,35,1,Regular Customers
17750,4,9,1694.16,3696,9.30857142857143,100,158,182,2,Loyal Customers
17752,358,1,80.64,192,80.64,1,0,1,3,VIP Customers
17754,0,5,1664.65,1816,18.703932584269666,82,259,89,0,Low Engagement
17757,0,30,5337.4400000000005,2967,7.232303523035231,274,370,738,2,Loyal Customers
17758,18,8,3408.2000000000003,2054,8.436138613861386,310,230,404,2,Loyal Customers
17759,16,3,818.71,696,9.198988764044945,81,152,89,0,Low Engagement
17760,21,2,287.59,239,11.503599999999999,25,351,25,0,Low Engagement
17761,32,1,712.78,398,37.514736842105265,19,0,19,1,Regular Customers
17763,262,1,15.0,12,15.0,1,0,1,1,Regular Customers
17764,50,2,772.55,351,10.880985915492957,71,160,71,0,Low Engagement
17765,158,3,367.63,143,6.564821428571428,51,98,56,1,Regular Customers
17767,14,1,271.2,128,12.914285714285715,21,0,21,1,Regular Customers
17768,7,3,2081.9,1122,21.243877551020407,77,157,98,0,Low Engagement
17769,12,10,3957.43,1850,13.017861842105262,200,308,304,2,Loyal Customers
17770,198,5,1143.27,365,30.086052631578948,33,83,38,0,Low Engagement
17771,56,2,245.33,283,4.628867924528302,50,266,53,0,Low Engagement
17772,10,2,173.45,55,3.469,50,0,50,1,Regular Customers
17774,96,4,1213.73,508,7.932875816993464,123,208,153,0,Low Engagement
17775,254,1,56.4,72,18.8,3,0,3,1,Regular Customers
17777,24,3,647.56,501,3.408210526315789,141,75,190,0,Low Engagement
17779,20,3,650.32,396,8.028641975308643,73,122,81,0,Low Engagement
17781,158,2,188.02,34,15.668333333333335,12,93,12,1,Regular Customers
17783,71,2,283.47,354,4.23089552238806,67,175,67,0,Low Engagement
17785,52,1,131.94,67,10.149230769230769,13,0,13,1,Regular Customers
17786,84,2,266.85,195,3.9242647058823534,57,231,68,0,Low Engagement
17787,152,4,1817.54,896,14.19953125,94,218,128,0,Low Engagement
17788,129,1,11.75,2,5.875,2,0,2,1,Regular Customers
17789,280,1,225.9,74,16.135714285714286,14,0,14,1,Regular Customers
17790,26,14,1964.3,835,10.393121693121692,121,338,189,2,Loyal Customers
17791,29,1,106.1,46,10.61,10,0,10,1,Regular Customers
17793,24,1,300.34,226,5.77576923076923,49,0,52,1,Regular Customers
17795,179,2,342.83,305,7.618444444444444,43,85,45,1,Regular Customers
17796,39,4,690.0,176,8.518518518518519,63,329,81,0,Low Engagement
17797,21,3,780.43,498,7.0309009009009005,102,160,111,0,Low Engagement
17799,21,10,3039.17,1753,7.522698019801981,280,339,404,2,Loyal Customers
17800,36,9,1186.21,731,11.62950980392157,50,296,102,0,Low Engagement
17802,81,3,1285.04,752,9.178857142857142,102,290,140,0,Low Engagement
17805,73,1,512.31,478,51.230999999999995,10,0,10,1,Regular Customers
17806,10,1,546.04,727,12.698604651162789,43,0,43,0,Low Engagement
17809,15,7,2677.51,1473,51.49057692307693,42,357,52,2,Loyal Customers
17811,3,39,7551.12,4065,9.14179176755448,358,329,826,2,Loyal Customers
17812,12,4,699.81,329,5.261729323308271,113,355,133,0,Low Engagement
17813,13,5,1698.07,752,4.879511494252873,297,57,348,2,Loyal Customers
17816,36,4,36.56,30,2.150588235294118,16,328,17,1,Regular Customers
17817,3,3,387.68,67,11.747878787878788,32,272,33,0,Low Engagement
17819,71,7,2653.67,935,58.970444444444446,36,299,45,0,Low Engagement
17824,50,1,298.4,408,22.95384615384615,13,0,13,1,Regular Customers
17827,4,5,1987.33,1240,9.24339534883721,190,359,215,2,Loyal Customers
17828,22,4,1165.09,655,18.20453125,53,162,64,0,Low Engagement
17829,298,1,889.24,496,29.641333333333332,30,0,30,1,Regular Customers
17830,1,3,398.7,92,17.33478260869565,18,287,23,0,Low Engagement
17831,32,1,35.400000000000006,12,17.700000000000003,2,0,2,1,Regular Customers
17832,49,1,155.37,208,2.547049180327869,61,0,61,1,Regular Customers
17835,2,3,342.24,344,5.800677966101695,45,20,59,0,Low Engagement
17836,46,1,109.83,87,4.775217391304348,22,0,23,1,Regular Customers
17837,41,8,1535.33,508,9.536211180124223,109,120,161,0,Low Engagement
17838,26,5,2720.8,1831,23.254700854700857,96,345,117,2,Loyal Customers
17839,41,1,318.15,257,6.11826923076923,50,0,52,1,Regular Customers
17841,1,124,39505.99,22644,5.15542085345165,1322,371,7663,2,Loyal Customers
17843,302,1,197.73,88,5.6494285714285715,35,0,35,1,Regular Customers
17844,106,1,51.559999999999995,52,10.312,5,0,5,1,Regular Customers
17848,80,9,901.1999999999999,398,17.670588235294115,41,276,51,0,Low Engagement
17849,217,4,605.8000000000001,114,23.300000000000004,14,115,26,1,Regular Customers
17850,371,34,5391.21,1733,18.15222222222222,21,1,297,2,Loyal Customers
17852,11,2,114.34,53,4.764166666666667,21,0,24,1,Regular Customers
17854,184,2,311.26,84,20.750666666666667,15,41,15,1,Regular Customers
17855,372,1,208.97,197,12.292352941176471,17,0,17,1,Regular Customers
17856,1,4,678.83,426,52.21769230769231,11,279,13,0,Low Engagement
17857,32,11,1285.22,2592,98.86307692307693,6,333,13,3,VIP Customers
17858,5,12,5140.66,2694,26.09472081218274,101,363,197,2,Loyal Customers
17859,304,1,141.92000000000002,102,6.170434782608696,23,0,23,1,Regular Customers
17860,368,1,226.45000000000002,93,4.354807692307693,49,0,52,1,Regular Customers
17861,2,8,2097.88,1985,9.579360730593608,172,316,219,2,Loyal Customers
17862,323,1,330.9,100,30.08181818181818,11,0,11,1,Regular Customers
17863,58,6,3160.0,2638,21.35135135135135,110,310,148,2,Loyal Customers
17864,12,3,554.85,706,6.165,70,262,90,0,Low Engagement
17865,30,20,10238.62,5708,27.82233695652174,189,333,368,2,Loyal Customers
17866,142,1,329.65,174,36.62777777777777,9,0,9,1,Regular Customers
17867,29,6,376.12,183,5.698787878787879,60,258,66,0,Low Engagement
17869,106,5,428.18,111,10.7045,37,260,40,0,Low Engagement
17870,1,11,1539.49,1223,5.7230111524163565,213,132,269,2,Loyal Customers
17871,204,1,155.9,182,15.59,10,0,10,1,Regular Customers
17873,79,5,1719.5800000000002,1034,40.94238095238096,23,293,42,0,Low Engagement
17874,184,6,683.46,221,14.857826086956523,37,70,46,0,Low Engagement
17877,169,1,237.61,98,19.800833333333333,12,0,12,1,Regular Customers
17878,43,1,379.45,401,14.59423076923077,26,0,26,1,Regular Customers
17879,173,1,178.51999999999998,45,29.75333333333333,6,0,6,1,Regular Customers
17880,364,1,458.92,314,17.65076923076923,26,0,26,1,Regular Customers
17881,303,1,133.35000000000002,32,16.668750000000003,8,0,8,1,Regular Customers
17883,2,4,664.34,374,4.6784507042253525,133,242,142,0,Low Engagement
17884,3,4,695.0699999999999,817,6.151061946902654,107,367,113,0,Low Engagement
17885,11,1,156.34,110,2.949811320754717,50,0,53,1,Regular Customers
17886,31,3,869.28,469,8.52235294117647,93,217,102,0,Low Engagement
17887,128,1,111.35,30,11.135,10,0,10,1,Regular Customers
17888,20,8,716.0,973,11.015384615384615,60,335,65,0,Low Engagement
17889,211,2,201.37,77,10.0685,20,109,20,1,Regular Customers
17890,322,2,586.89,402,6.449340659340659,88,38,91,1,Regular Customers
17891,161,1,203.85999999999999,393,5.995882352941176,34,0,34,1,Regular Customers
17892,55,3,244.1,109,8.717857142857143,27,99,28,1,Regular Customers
17893,224,1,107.21,149,7.147333333333333,15,0,15,1,Regular Customers
17894,71,8,1118.54,402,5.856230366492146,126,294,191,2,Loyal Customers
17895,43,1,95.45,127,6.363333333333333,15,0,15,1,Regular Customers
17896,22,1,256.32,288,128.16,2,0,2,3,VIP Customers
17897,172,3,541.8100000000001,222,5.01675925925926,100,200,108,0,Low Engagement
17898,84,2,152.06,190,5.430714285714286,27,121,28,1,Regular Customers
17899,158,1,154.55,170,4.985483870967743,29,0,31,1,Regular Customers
17900,189,2,112.19999999999999,73,18.7,4,0,6,1,Regular Customers
17901,28,1,110.38,24,5.809473684210526,19,0,19,1,Regular Customers
17904,20,1,181.07,59,5.325588235294117,33,0,34,1,Regular Customers
17905,70,4,798.99,406,24.21181818181818,33,302,33,0,Low Engagement
17906,246,1,72.9,26,6.075,12,0,12,1,Regular Customers
17908,373,1,232.03,169,4.2968518518518515,51,0,54,1,Regular Customers
17911,8,1,366.23,223,9.390512820512821,39,0,39,1,Regular Customers
17912,309,5,310.06,184,8.38,35,54,37,1,Regular Customers
17913,58,2,408.65,288,7.0456896551724135,55,296,58,0,Low Engagement
17914,3,1,329.36,457,4.391466666666667,72,0,75,0,Low Engagement
17917,44,3,335.03,184,3.6416304347826083,77,317,92,0,Low Engagement
17919,87,1,1065.24,732,48.42,22,0,22,0,Low Engagement
17920,3,17,4107.6,2471,6.186144578313254,406,369,664,2,Loyal Customers
17921,63,4,820.23,425,5.776267605633803,114,202,142,0,Low Engagement
17924,11,6,1703.7,848,65.52692307692308,24,361,26,0,Low Engagement
17926,132,2,397.29,306,18.91857142857143,17,70,21,1,Regular Customers
17928,44,2,184.46,68,8.384545454545455,22,200,22,1,Regular Customers
17929,10,2,332.20000000000005,52,110.73333333333335,3,297,3,3,VIP Customers
17930,35,5,1740.48,1594,44.62769230769231,26,203,39,0,Low Engagement
17931,133,2,408.36,249,6.282461538461539,63,121,65,0,Low Engagement
17932,28,3,1331.57,789,14.795222222222222,84,182,90,0,Low Engagement
17934,51,2,704.25,478,33.535714285714285,21,7,21,0,Low Engagement
17935,137,2,142.89,81,5.1032142857142855,27,3,28,1,Regular Customers
17936,4,1,380.13,257,5.279583333333333,68,0,72,0,Low Engagement
17937,8,7,3019.62,1562,81.61135135135135,17,353,37,2,Loyal Customers
17939,159,1,99.14,40,8.261666666666667,12,0,12,1,Regular Customers
17940,48,9,1296.82,5434,92.63,5,253,14,3,VIP Customers
17941,130,1,304.56,252,152.28,2,0,2,3,VIP Customers
17942,7,1,77.50000000000001,38,38.75000000000001,2,0,2,1,Regular Customers
17946,232,2,149.57999999999998,75,7.478999999999999,18,26,20,1,Regular Customers
17947,36,1,176.68,168,19.63111111111111,9,0,9,1,Regular Customers
17949,7,8,1033.5,819,103.35,9,282,10,3,VIP Customers
17950,71,3,482.2,366,6.791549295774648,63,293,71,0,Low Engagement
17951,39,3,1008.5400000000001,616,50.42700000000001,18,333,20,0,Low Engagement
17954,4,12,2314.13,2221,4.851425576519916,326,365,477,2,Loyal Customers
17955,198,4,557.3,273,29.331578947368417,14,20,19,1,Regular Customers
17956,248,1,12.75,1,12.75,1,0,1,1,Regular Customers
17957,65,1,110.72,275,3.6906666666666665,30,0,30,1,Regular Customers
17958,116,1,136.16,50,22.69333333333333,6,0,6,1,Regular Customers
17960,170,1,73.78,41,2.8376923076923077,26,0,26,1,Regular Customers
17961,20,39,1296.44,560,5.206586345381527,211,350,249,2,Loyal Customers
17962,141,1,102.41,127,3.0120588235294115,33,0,34,1,Regular Customers
17964,31,2,463.21,294,4.726632653061224,84,340,98,0,Low Engagement
17965,37,14,2599.19,1532,7.997507692307693,274,331,325,2,Loyal Customers
17966,37,5,1098.43,2571,16.15338235294118,53,223,68,0,Low Engagement
17967,371,1,112.27,73,2.673095238095238,41,0,42,1,Regular Customers
17968,373,1,265.1,151,3.27283950617284,74,0,81,1,Regular Customers
17969,165,2,228.2,152,16.3,14,194,14,1,Regular Customers
17970,210,1,562.79,513,19.40655172413793,27,0,29,1,Regular Customers
17972,241,1,135.19,36,4.506333333333333,30,0,30,1,Regular Customers
17973,51,1,337.04,176,22.469333333333335,15,0,15,1,Regular Customers
17974,24,3,703.99,500,4.266606060606061,143,194,165,0,Low Engagement
17975,14,13,4479.96,1563,15.342328767123288,188,351,292,2,Loyal Customers
17976,371,1,321.79,93,5.645438596491228,56,0,57,1,Regular Customers
17977,28,1,288.14,342,13.72095238095238,19,0,21,1,Regular Customers
17978,364,1,300.91999999999996,499,25.076666666666664,12,0,12,1,Regular Customers
17979,35,4,729.01,379,5.321240875912409,115,224,137,0,Low Engagement
17980,165,3,811.45,682,27.048333333333336,23,193,30,0,Low Engagement
17984,144,1,152.68,98,3.1808333333333336,48,0,48,1,Regular Customers
17985,21,1,631.35,171,30.064285714285717,20,0,21,1,Regular Customers
17986,55,1,20.8,10,20.8,1,0,1,1,Regular Customers
17987,184,1,198.57,261,15.274615384615384,13,0,13,1,Regular Customers
17988,11,7,201.12,43,5.292631578947368,37,314,38,0,Low Engagement
17990,236,3,630.84,414,21.753103448275862,27,124,29,1,Regular Customers
17991,224,2,93.35,25,18.669999999999998,4,0,5,1,Regular Customers
17994,121,4,674.89,495,8.542911392405063,63,169,79,0,Low Engagement
17995,281,1,76.1,133,38.05,2,0,2,1,Regular Customers
17997,73,8,1962.46,2273,11.966219512195122,133,89,164,2,Loyal Customers
17999,36,2,380.39,219,4.18010989010989,87,329,91,0,Low Engagement
18001,11,2,415.13,362,7.282982456140351,56,74,57,0,Low Engagement
18004,361,1,157.92,75,4.268108108108108,32,0,37,1,Regular Customers
18005,3,2,226.47,86,4.273018867924528,52,43,53,1,Regular Customers
18006,22,1,444.68,220,20.212727272727275,21,0,22,1,Regular Customers
18008,69,6,536.1899999999999,589,19.858888888888888,23,248,27,0,Low Engagement
18009,234,1,247.39,125,7.9803225806451605,31,0,31,1,Regular Customers
18010,256,1,174.8,60,12.485714285714286,14,0,14,1,Regular Customers
18011,372,1,102.78999999999999,71,3.671071428571428,28,0,28,1,Regular Customers
18013,154,2,187.29,285,6.041612903225806,31,0,31,1,Regular Customers
18014,27,1,154.27,65,5.3196551724137935,28,0,29,1,Regular Customers
18015,3,1,120.03,157,2.6093478260869567,46,0,46,1,Regular Customers
18016,31,5,1477.66,1027,12.111967213114754,90,331,122,0,Low Engagement
18017,80,3,523.0,300,174.33333333333334,1,229,3,3,VIP Customers
18018,107,2,122.14,55,4.211724137931035,29,91,29,1,Regular Customers
18019,51,1,38.45,7,7.69,5,0,5,1,Regular Customers
18022,35,1,612.72,703,3.73609756097561,141,0,164,0,Low Engagement
18024,152,2,389.78,184,18.56095238095238,21,0,21,1,Regular Customers
18027,98,1,115.31,78,5.490952380952381,21,0,21,1,Regular Customers
18030,3,2,230.64999999999998,67,25.627777777777776,8,38,9,1,Regular Customers
18032,333,1,73.5,42,14.7,5,0,5,1,Regular Customers
18033,64,1,93.82000000000001,252,2.8430303030303032,32,0,33,1,Regular Customers
18034,21,2,418.68,559,3.8061818181818183,99,0,110,0,Low Engagement
18035,35,3,713.89,584,14.569183673469388,44,7,49,0,Low Engagement
18036,31,3,403.12,232,4.288510638297873,77,213,94,0,Low Engagement
18037,153,6,70.02,20,3.685263157894737,19,207,19,1,Regular Customers
18040,18,2,357.20000000000005,148,18.8,18,226,19,0,Low Engagement
18041,11,21,4097.37,3758,8.94622270742358,285,361,458,2,Loyal Customers
18042,53,1,165.04999999999998,33,23.578571428571426,7,0,7,1,Regular Customers
18043,24,3,529.29,265,4.6025217391304345,106,342,115,0,Low Engagement
18044,3,10,2088.6,1033,16.445669291338582,88,356,127,2,Loyal Customers
18045,44,1,178.34,138,4.147441860465117,43,0,43,1,Regular Customers
18048,202,2,172.29000000000002,127,24.612857142857145,6,0,7,1,Regular Customers
18050,358,1,74.4,40,14.88,5,0,5,1,Regular Customers
18053,70,1,300.02,302,15.001,20,0,20,1,Regular Customers
18055,6,10,6761.34,2452,18.88642458100559,223,362,358,2,Loyal Customers
18056,287,1,363.65,211,19.139473684210525,19,0,19,1,Regular Customers
18058,9,1,170.16,88,56.72,3,0,3,1,Regular Customers
18059,22,3,306.46,258,17.025555555555556,17,44,18,1,Regular Customers
18061,21,10,1890.45,739,42.01,17,344,45,0,Low Engagement
18062,172,3,720.52,396,26.685925925925925,23,164,27,0,Low Engagement
18064,132,1,406.0,224,81.2,5,0,5,3,VIP Customers
18065,5,14,2392.83,1027,17.465912408759124,110,358,137,2,Loyal Customers
18066,74,1,318.0,108,31.8,10,0,10,1,Regular Customers
18067,39,1,396.33,189,10.711621621621621,36,0,37,1,Regular Customers
18068,288,1,101.69999999999999,6,101.69999999999999,1,0,1,3,VIP Customers
18069,25,5,2009.24,1296,4.396586433260394,334,301,457,2,Loyal Customers
18071,257,2,453.0,260,18.12,23,108,25,1,Regular Customers
18072,185,1,247.44,288,13.746666666666666,18,0,18,1,Regular Customers
18073,113,12,2282.54,1614,34.583939393939396,23,82,66,0,Low Engagement
18074,373,1,489.6,190,37.66153846153846,13,0,13,1,Regular Customers
18075,22,10,2611.75,1464,18.392605633802816,97,337,142,2,Loyal Customers
18077,7,11,2584.41,1839,11.589282511210762,101,358,223,2,Loyal Customers
18078,216,2,336.13,145,11.590689655172413,27,41,29,1,Regular Customers
18079,44,4,3613.15,7347,29.37520325203252,99,193,123,2,Loyal Customers
18081,35,3,343.45,195,20.20294117647059,14,97,17,0,Low Engagement
18082,25,1,680.84,608,9.726285714285714,62,0,70,0,Low Engagement
18084,15,1,90.47999999999999,312,90.47999999999999,1,0,1,3,VIP Customers
18085,329,2,689.95,265,23.79137931034483,25,43,29,1,Regular Customers
18086,273,1,101.34,106,14.477142857142857,7,0,7,1,Regular Customers
18088,60,1,166.03,107,4.487297297297298,35,0,37,1,Regular Customers
18092,1,11,6733.54,2644,83.13012345679012,27,363,81,2,Loyal Customers
18093,92,4,2106.52,1392,58.51444444444444,31,209,36,0,Low Engagement
18094,81,7,2585.3,1918,37.46811594202899,38,210,69,0,Low Engagement
18095,312,2,580.0500000000001,419,27.621428571428574,20,20,21,1,Regular Customers
18096,11,3,849.06,788,4.331938775510204,157,52,196,0,Low Engagement
18097,7,6,2662.4,1662,25.116981132075473,65,346,106,2,Loyal Customers
18099,126,1,168.31,149,8.858421052631579,19,0,19,1,Regular Customers
18101,10,2,222.4,87,5.5600000000000005,37,132,40,0,Low Engagement
18102,0,26,12469.56,4817,89.70906474820144,97,366,139,2,Loyal Customers
18104,36,1,754.64,362,19.858947368421052,38,0,38,0,Low Engagement
18105,37,1,113.48000000000002,46,6.304444444444446,18,0,18,1,Regular Customers
18106,329,1,421.9,126,11.402702702702703,33,0,37,1,Regular Customers
18108,253,1,271.0,84,15.941176470588236,17,0,17,1,Regular Customers
18109,1,26,7764.02,4208,17.645500000000002,119,368,440,2,Loyal Customers
18110,19,1,198.8,72,5.372972972972973,33,0,37,1,Regular Customers
18112,11,2,352.69,255,13.565,26,154,26,0,Low Engagement
18113,368,1,76.32000000000001,72,76.32000000000001,1,0,1,3,VIP Customers
18114,289,1,220.1,55,7.860714285714286,28,0,28,1,Regular Customers
18116,67,8,1399.51,819,3.7824594594594596,229,296,370,2,Loyal Customers
18117,25,1,314.4,604,4.4281690140845065,67,0,71,0,Low Engagement
18118,10,26,5622.68,2853,4.455372424722663,423,358,1262,2,Loyal Customers
18119,367,1,180.7,124,6.23103448275862,29,0,29,1,Regular Customers
18120,213,1,111.15,31,6.538235294117648,17,0,17,1,Regular Customers
18121,148,2,653.3,438,21.074193548387097,28,5,31,1,Regular Customers
18122,7,6,1791.84,1215,5.04743661971831,238,142,355,2,Loyal Customers
18123,23,2,574.4399999999999,582,16.895294117647058,31,7,34,0,Low Engagement
18125,29,4,1131.75,800,5.89453125,164,286,192,2,Loyal Customers
18126,60,1,198.58,129,3.8937254901960787,51,0,51,1,Regular Customers
18127,18,3,347.08,187,7.545217391304347,41,114,46,0,Low Engagement
18129,242,1,112.55000000000001,48,8.039285714285715,13,0,14,1,Regular Customers
18130,14,3,1059.39,824,15.134142857142859,58,41,70,0,Low Engagement
18135,28,5,681.9100000000001,349,34.0955,11,161,20,0,Low Engagement
18136,62,3,784.33,379,20.640263157894736,34,256,38,0,Low Engagement
18138,294,1,152.65,38,19.08125,8,0,8,1,Regular Customers
18139,17,6,5948.34,4957,38.376387096774195,33,0,155,0,Low Engagement
18142,156,2,765.12,1036,54.651428571428575,9,58,14,3,VIP Customers
18143,116,2,1000.16,570,16.396065573770493,59,25,61,0,Low Engagement
18144,30,11,1728.75,543,45.49342105263158,27,342,38,0,Low Engagement
18145,12,4,2861.55,2625,12.94819004524887,174,299,221,2,Loyal Customers
18146,140,2,160.35000000000002,153,16.035000000000004,10,79,10,1,Regular Customers
18147,45,2,179.33999999999997,203,25.619999999999997,7,62,7,1,Regular Customers
18149,50,3,612.0799999999999,310,38.254999999999995,11,222,16,0,Low Engagement
18150,31,3,566.58,332,15.312972972972974,29,169,37,0,Low Engagement
18151,134,2,653.35,355,17.193421052631578,38,155,38,0,Low Engagement
18154,2,2,399.19,255,19.009047619047617,15,40,21,0,Low Engagement
18155,74,3,371.62,266,14.8648,19,216,25,0,Low Engagement
18156,12,2,675.64,283,5.538032786885246,100,356,122,0,Low Engagement
18158,8,2,453.4,354,13.335294117647058,24,79,34,0,Low Engagement
18159,300,1,530.15,139,23.05,23,0,23,1,Regular Customers
18160,56,2,638.0600000000001,294,16.36051282051282,37,143,39,0,Low Engagement
18161,14,5,1618.69,812,20.233625,49,304,80,0,Low Engagement
18164,36,1,399.65000000000003,184,16.652083333333334,24,0,24,1,Regular Customers
18165,176,1,302.46000000000004,254,30.246000000000002,10,0,10,1,Regular Customers
18167,22,3,1384.8600000000001,382,37.428648648648654,24,82,37,0,Low Engagement
18168,175,6,1160.04,592,8.923384615384615,97,196,130,0,Low Engagement
18169,60,1,202.65,61,22.516666666666666,9,0,9,1,Regular Customers
18170,32,3,980.31,409,25.797631578947367,29,183,38,0,Low Engagement
18171,58,5,1231.31,481,22.802037037037035,43,274,54,0,Low Engagement
18172,14,17,5476.68,2460,30.091648351648352,99,275,182,2,Loyal Customers
18173,86,4,1650.3400000000001,1110,56.90827586206897,23,187,29,0,Low Engagement
18174,6,1,104.0,50,104.0,1,0,1,3,VIP Customers
18176,357,1,476.35,283,15.878333333333334,30,0,30,1,Regular Customers
18177,30,6,1340.8700000000001,709,18.368082191780825,53,224,73,0,Low Engagement
18178,128,4,1590.81,983,16.400103092783503,80,235,97,0,Low Engagement
18179,8,5,1583.17,1260,17.788426966292135,85,327,89,0,Low Engagement
18180,4,6,1843.75,1721,15.493697478991596,108,137,119,0,Low Engagement
18181,23,1,366.85,133,8.947560975609756,40,0,41,1,Regular Customers
18183,226,2,632.07,371,17.082972972972975,36,47,37,1,Regular Customers
18184,14,1,49.8,60,49.8,1,0,1,1,Regular Customers
18185,248,1,304.25,183,17.897058823529413,17,0,17,1,Regular Customers
18188,14,3,1749.04,1048,24.986285714285714,63,275,70,0,Low Engagement
18189,77,2,1090.24,566,16.032941176470587,65,190,68,0,Low Engagement
18190,191,2,284.46000000000004,140,18.964000000000002,14,138,15,1,Regular Customers
18191,261,1,207.79999999999998,140,29.685714285714283,7,0,7,1,Regular Customers
18192,71,1,957.97,339,21.288222222222224,45,0,45,0,Low Engagement
18193,164,1,243.76,124,15.235,16,0,16,1,Regular Customers
18194,81,1,357.03999999999996,328,89.25999999999999,4,0,4,3,VIP Customers
18196,94,2,686.63,431,4.93978417266187,131,195,139,0,Low Engagement
18198,3,17,3797.4,2538,24.982894736842105,81,332,152,2,Loyal Customers
18200,105,1,150.35,104,5.011666666666667,29,0,30,1,Regular Customers
18202,199,3,1396.99,581,20.543970588235293,55,111,68,0,Low Engagement
18203,156,1,160.42000000000002,43,8.443157894736842,19,0,19,1,Regular Customers
18204,70,3,1975.35,1190,10.288281249999999,159,121,192,0,Low Engagement
18205,35,2,517.36,192,16.1675,30,38,32,0,Low Engagement
18209,28,1,139.10000000000002,58,17.387500000000003,8,0,8,1,Regular Customers
18210,1,6,2621.38,1398,19.562537313432838,109,265,134,2,Loyal Customers
18211,25,5,600.07,359,14.287380952380953,37,252,42,0,Low Engagement
18212,325,1,216.07,92,6.3549999999999995,30,0,34,1,Regular Customers
18213,236,1,232.48000000000002,232,15.498666666666669,15,0,15,1,Regular Customers
18215,88,1,299.34000000000003,118,23.02615384615385,13,0,13,1,Regular Customers
18216,30,1,481.75,200,18.528846153846153,26,0,26,1,Regular Customers
18217,28,2,621.75,491,20.056451612903224,27,41,31,0,Low Engagement
18218,210,2,641.92,536,32.096,17,70,20,1,Regular Customers
18219,2,10,2069.77,885,18.155877192982455,58,366,114,2,Loyal Customers
18220,226,1,305.28000000000003,288,152.64000000000001,2,0,2,3,VIP Customers
18221,21,5,1041.61,791,16.27515625,59,189,64,0,Low Engagement
18222,92,1,443.0,335,23.31578947368421,19,0,19,1,Regular Customers
18223,4,14,6484.54,2948,23.840220588235294,116,353,272,2,Loyal Customers
18224,263,1,158.95000000000002,69,15.895000000000001,10,0,10,1,Regular Customers
18225,2,12,5504.96,3242,20.46453531598513,150,361,269,2,Loyal Customers
18226,43,11,5228.05,3466,21.603512396694217,141,293,242,2,Loyal Customers
18227,217,1,93.75,21,18.75,5,0,5,1,Regular Customers
18228,56,2,779.9,238,25.996666666666666,23,22,30,0,Low Engagement
18229,11,20,6781.7,2408,41.86234567901234,66,361,162,2,Loyal Customers
18230,8,7,2810.2000000000003,1316,32.67674418604651,32,293,86,2,Loyal Customers
18231,191,5,2071.77,819,16.843658536585366,106,96,123,0,Low Engagement
18232,81,4,592.97,302,16.026216216216216,31,115,37,0,Low Engagement
18235,71,3,1796.48,1578,17.273846153846154,100,145,104,0,Low Engagement
18236,29,6,882.24,403,18.004897959183673,42,210,49,0,Low Engagement
18237,2,5,987.1,622,16.181967213114753,40,131,61,0,Low Engagement
18239,218,5,1561.6100000000001,795,17.745568181818182,80,153,88,0,Low Engagement
18240,45,1,125.58000000000001,66,25.116000000000003,5,0,5,1,Regular Customers
18241,9,17,2073.09,1051,19.933557692307694,60,208,104,2,Loyal Customers
18242,71,4,2024.99,967,26.298571428571428,72,141,77,0,Low Engagement
18245,6,7,2567.06,1788,14.668914285714285,153,347,175,2,Loyal Customers
18246,23,2,188.7,26,94.35,2,209,2,3,VIP Customers
18248,122,2,804.02,511,17.1068085106383,39,63,47,0,Low Engagement
18249,16,1,95.34,128,11.9175,8,0,8,1,Regular Customers
18250,309,1,349.27,199,16.63190476190476,21,0,21,1,Regular Customers
18251,86,1,723.6,2088,144.72,5,0,5,3,VIP Customers
18252,50,2,518.27,234,5.5135106382978725,90,121,94,0,Low Engagement
18255,88,1,103.3,74,17.216666666666665,6,0,6,1,Regular Customers
18257,38,8,2337.63,1041,19.81042372881356,97,256,118,2,Loyal Customers
18259,24,3,2338.6000000000004,714,55.68095238095239,27,341,42,0,Low Engagement
18260,172,6,2628.35,1475,19.76203007518797,86,185,133,0,Low Engagement
18261,42,2,324.24,146,15.440000000000001,19,52,21,1,Regular Customers
18262,139,1,149.48,182,11.498461538461537,13,0,13,1,Regular Customers
18263,25,3,1213.1599999999999,1468,19.887868852459015,59,226,61,0,Low Engagement
18265,71,2,801.51,311,17.424130434782608,44,85,46,0,Low Engagement
18268,133,1,25.5,2,25.5,1,0,1,1,Regular Customers
18269,365,1,168.6,76,24.085714285714285,7,0,7,1,Regular Customers
18270,37,2,283.15,101,25.74090909090909,11,228,11,1,Regular Customers
18272,2,6,3078.58,2050,18.54566265060241,99,244,166,2,Loyal Customers
18273,1,3,204.0,80,68.0,1,255,3,3,VIP Customers
18274,29,1,175.92,88,15.992727272727272,11,0,11,1,Regular Customers
18276,43,1,335.86,186,23.990000000000002,14,0,14,1,Regular Customers
18277,57,1,110.38,68,13.7975,8,0,8,1,Regular Customers
18278,73,1,173.9,66,19.322222222222223,9,0,9,1,Regular Customers
18280,277,1,180.60000000000002,45,18.060000000000002,10,0,10,1,Regular Customers
18281,180,1,80.82,54,11.545714285714284,7,0,7,1,Regular Customers
18282,7,2,178.05,103,14.8375,12,118,12,1,Regular Customers
18283,3,16,2039.58,1355,2.8366898470097355,262,333,719,2,Loyal Customers
18287,42,3,1837.28,1586,26.24685714285714,59,158,70,0,Low Engagement
